Date,SPX_Close,VIX_Today,SPX_Return_Pct,fgi_value,Vol_Level
2020-01-03,3234.85009765625,14.020000457763672,-0.71,38,Normal
2020-01-06,3246.280029296875,13.850000381469727,0.35,41,Normal
2020-01-07,3237.179931640625,13.789999961853027,-0.28,40,Normal
2020-01-08,3253.050048828125,13.449999809265137,0.49,51,Normal
2020-01-09,3274.699951171875,12.539999961853027,0.67,44,Normal
2020-01-10,3265.35009765625,12.5600004196167,-0.29,41,Normal
2020-01-13,3288.1298828125,12.319999694824219,0.7,49,Normal
2020-01-14,3283.14990234375,12.390000343322754,-0.15,56,Normal
2020-01-15,3289.2900390625,12.420000076293945,0.19,54,Normal
2020-01-16,3316.81005859375,12.319999694824219,0.84,55,Normal
2020-01-17,3329.6201171875,12.100000381469727,0.39,54,Normal
2020-01-21,3320.7900390625,12.850000381469727,-0.27,49,Normal
2020-01-22,3321.75,12.90999984741211,0.03,52,Normal
2020-01-23,3325.5400390625,12.979999542236328,0.11,49,Normal
2020-01-24,3295.469970703125,14.5600004196167,-0.9,40,Normal
2020-01-27,3243.6298828125,18.229999542236328,-1.57,50,Normal
2020-01-28,3276.239990234375,16.280000686645508,1.01,54,Normal
2020-01-29,3273.39990234375,16.389999389648438,-0.09,57,Normal
2020-01-30,3283.659912109375,15.489999771118164,0.31,57,Normal
2020-01-31,3225.52001953125,18.84000015258789,-1.77,55,Normal
2020-02-03,3248.919921875,17.969999313354492,0.73,59,Normal
2020-02-04,3297.590087890625,16.049999237060547,1.5,56,Normal
2020-02-05,3334.68994140625,15.149999618530273,1.13,53,Normal
2020-02-06,3345.780029296875,14.960000038146973,0.33,61,Normal
2020-02-07,3327.7099609375,15.470000267028809,-0.54,56,Normal
2020-02-10,3352.090087890625,15.039999961853027,0.73,57,Normal
2020-02-11,3357.75,15.180000305175781,0.17,52,Normal
2020-02-12,3379.449951171875,13.739999771118164,0.65,61,Normal
2020-02-13,3373.93994140625,14.149999618530273,-0.16,65,Normal
2020-02-14,3380.159912109375,13.680000305175781,0.18,63,Normal
2020-02-18,3370.2900390625,14.829999923706055,-0.29,53,Normal
2020-02-19,3386.14990234375,14.380000114440918,0.47,50,Normal
2020-02-20,3373.22998046875,15.5600004196167,-0.38,44,Normal
2020-02-21,3337.75,17.079999923706055,-1.05,44,Normal
2020-02-24,3225.889892578125,25.030000686645508,-3.35,46,Level_3 (Extreme >3%)
2020-02-25,3128.2099609375,27.850000381469727,-3.03,44,Level_3 (Extreme >3%)
2020-02-26,3116.389892578125,27.559999465942383,-0.38,41,Normal
2020-02-27,2978.760009765625,39.15999984741211,-4.42,39,Level_3 (Extreme >3%)
2020-02-28,2954.219970703125,40.11000061035156,-0.82,40,Normal
2020-03-02,3090.22998046875,33.41999816894531,4.6,38,Level_3 (Extreme >3%)
2020-03-03,3003.3701171875,36.81999969482422,-2.81,38,Level_2 (High >2%)
2020-03-04,3130.1201171875,31.989999771118164,4.22,40,Level_3 (Extreme >3%)
2020-03-05,3023.93994140625,39.619998931884766,-3.39,41,Level_3 (Extreme >3%)
2020-03-06,2972.3701171875,41.939998626708984,-1.71,39,Normal
2020-03-09,2746.56005859375,54.459999084472656,-7.6,17,Level_3 (Extreme >3%)
2020-03-10,2882.22998046875,47.29999923706055,4.94,16,Level_3 (Extreme >3%)
2020-03-11,2741.3798828125,53.900001525878906,-4.89,17,Level_3 (Extreme >3%)
2020-03-12,2480.639892578125,75.47000122070312,-9.51,14,Level_3 (Extreme >3%)
2020-03-13,2711.02001953125,57.83000183105469,9.29,10,Level_3 (Extreme >3%)
2020-03-16,2386.1298828125,82.69000244140625,-11.98,9,Level_3 (Extreme >3%)
2020-03-17,2529.18994140625,75.91000366210938,6.0,8,Level_3 (Extreme >3%)
2020-03-18,2398.10009765625,76.44999694824219,-5.18,11,Level_3 (Extreme >3%)
2020-03-19,2409.389892578125,72.0,0.47,12,Normal
2020-03-20,2304.919921875,66.04000091552734,-4.34,9,Level_3 (Extreme >3%)
2020-03-23,2237.39990234375,61.59000015258789,-2.93,10,Level_2 (High >2%)
2020-03-24,2447.330078125,61.66999816894531,9.38,12,Level_3 (Extreme >3%)
2020-03-25,2475.56005859375,63.95000076293945,1.15,13,Normal
2020-03-26,2630.070068359375,61.0,6.24,14,Level_3 (Extreme >3%)
2020-03-27,2541.469970703125,65.54000091552734,-3.37,12,Level_3 (Extreme >3%)
2020-03-30,2626.64990234375,57.08000183105469,3.35,10,Level_3 (Extreme >3%)
2020-03-31,2584.590087890625,53.540000915527344,-1.6,12,Normal
2020-04-01,2470.5,57.060001373291016,-4.41,12,Level_3 (Extreme >3%)
2020-04-02,2526.89990234375,50.90999984741211,2.28,14,Level_2 (High >2%)
2020-04-03,2488.64990234375,46.79999923706055,-1.51,14,Normal
2020-04-06,2663.679931640625,45.2400016784668,7.03,12,Level_3 (Extreme >3%)
2020-04-07,2659.409912109375,46.70000076293945,-0.16,20,Normal
2020-04-08,2749.97998046875,43.349998474121094,3.41,21,Level_3 (Extreme >3%)
2020-04-09,2789.820068359375,41.66999816894531,1.45,22,Normal
2020-04-13,2761.6298828125,41.16999816894531,-1.01,11,Normal
2020-04-14,2846.06005859375,37.7599983215332,3.06,15,Level_3 (Extreme >3%)
2020-04-15,2783.360107421875,40.84000015258789,-2.2,18,Level_2 (High >2%)
2020-04-16,2799.550048828125,40.11000061035156,0.58,13,Normal
2020-04-17,2874.56005859375,38.150001525878906,2.68,15,Level_2 (High >2%)
2020-04-20,2823.159912109375,43.83000183105469,-1.79,15,Normal
2020-04-21,2736.56005859375,45.40999984741211,-3.07,17,Level_3 (Extreme >3%)
2020-04-22,2799.31005859375,41.97999954223633,2.29,19,Level_2 (High >2%)
2020-04-23,2797.800048828125,41.380001068115234,-0.05,19,Normal
2020-04-24,2836.739990234375,35.93000030517578,1.39,20,Normal
2020-04-27,2878.47998046875,33.290000915527344,1.47,28,Normal
2020-04-28,2863.389892578125,33.56999969482422,-0.52,26,Normal
2020-04-29,2939.510009765625,31.229999542236328,2.66,26,Level_2 (High >2%)
2020-04-30,2912.429931640625,34.150001525878906,-0.92,44,Normal
2020-05-01,2830.7099609375,37.189998626708984,-2.81,40,Level_2 (High >2%)
2020-05-04,2842.739990234375,35.970001220703125,0.42,44,Normal
2020-05-05,2868.43994140625,33.61000061035156,0.9,40,Normal
2020-05-06,2848.419921875,34.119998931884766,-0.7,42,Normal
2020-05-07,2881.18994140625,31.440000534057617,1.15,49,Normal
2020-05-08,2929.800048828125,27.979999542236328,1.69,55,Normal
2020-05-11,2930.18994140625,27.56999969482422,0.01,40,Normal
2020-05-12,2870.1201171875,33.040000915527344,-2.05,39,Level_2 (High >2%)
2020-05-13,2820.0,35.279998779296875,-1.75,41,Normal
2020-05-14,2852.5,32.61000061035156,1.15,40,Normal
2020-05-15,2863.699951171875,31.889999389648438,0.39,44,Normal
2020-05-18,2953.909912109375,29.299999237060547,3.15,50,Level_3 (Extreme >3%)
2020-05-19,2922.93994140625,30.530000686645508,-1.05,50,Normal
2020-05-20,2971.610107421875,27.989999771118164,1.67,52,Normal
2020-05-21,2948.510009765625,29.530000686645508,-0.78,49,Normal
2020-05-22,2955.449951171875,28.15999984741211,0.24,42,Normal
2020-05-26,2991.77001953125,28.010000228881836,1.23,39,Normal
2020-05-27,3036.1298828125,27.6200008392334,1.48,39,Normal
2020-05-28,3029.72998046875,28.59000015258789,-0.21,41,Normal
2020-05-29,3044.31005859375,27.510000228881836,0.48,48,Normal
2020-06-01,3055.72998046875,28.229999542236328,0.38,50,Normal
2020-06-02,3080.820068359375,26.84000015258789,0.82,56,Normal
2020-06-03,3122.8701171875,25.65999984741211,1.36,48,Normal
2020-06-04,3112.35009765625,25.809999465942383,-0.34,54,Normal
2020-06-05,3193.929931640625,24.520000457763672,2.62,53,Level_2 (High >2%)
2020-06-08,3232.389892578125,25.809999465942383,1.2,53,Normal
2020-06-09,3207.179931640625,27.56999969482422,-0.78,52,Normal
2020-06-10,3190.139892578125,27.56999969482422,-0.53,54,Normal
2020-06-11,3002.10009765625,40.790000915527344,-5.89,52,Level_3 (Extreme >3%)
2020-06-12,3041.31005859375,36.09000015258789,1.31,38,Normal
2020-06-15,3066.590087890625,34.400001525878906,0.83,37,Normal
2020-06-16,3124.739990234375,33.66999816894531,1.9,39,Normal
2020-06-17,3113.489990234375,33.470001220703125,-0.36,38,Normal
2020-06-18,3115.340087890625,32.939998626708984,0.06,40,Normal
2020-06-19,3097.739990234375,35.119998931884766,-0.56,39,Normal
2020-06-22,3117.860107421875,31.770000457763672,0.65,38,Normal
2020-06-23,3131.2900390625,31.3700008392334,0.43,41,Normal
2020-06-24,3050.330078125,33.84000015258789,-2.59,50,Level_2 (High >2%)
2020-06-25,3083.760009765625,32.220001220703125,1.1,43,Normal
2020-06-26,3009.050048828125,34.72999954223633,-2.42,40,Level_2 (High >2%)
2020-06-29,3053.239990234375,31.780000686645508,1.47,41,Normal
2020-06-30,3100.2900390625,30.43000030517578,1.54,44,Normal
2020-07-01,3115.860107421875,28.6200008392334,0.5,42,Normal
2020-07-02,3130.010009765625,27.68000030517578,0.45,42,Normal
2020-07-06,3179.719970703125,27.940000534057617,1.59,40,Normal
2020-07-07,3145.320068359375,29.43000030517578,-1.08,43,Normal
2020-07-08,3169.93994140625,28.079999923706055,0.78,44,Normal
2020-07-09,3152.050048828125,29.260000228881836,-0.56,44,Normal
2020-07-10,3185.0400390625,27.290000915527344,1.05,41,Normal
2020-07-13,3155.219970703125,32.189998626708984,-0.94,43,Normal
2020-07-14,3197.52001953125,29.520000457763672,1.34,43,Normal
2020-07-15,3226.56005859375,27.760000228881836,0.91,44,Normal
2020-07-16,3215.570068359375,28.0,-0.34,43,Normal
2020-07-17,3224.72998046875,25.68000030517578,0.28,41,Normal
2020-07-20,3251.840087890625,24.459999084472656,0.84,44,Normal
2020-07-21,3257.300048828125,24.84000015258789,0.17,44,Normal
2020-07-22,3276.02001953125,24.31999969482422,0.57,50,Normal
2020-07-23,3235.659912109375,26.079999923706055,-1.23,55,Normal
2020-07-24,3215.6298828125,25.84000015258789,-0.62,53,Normal
2020-07-27,3239.409912109375,24.739999771118164,0.74,58,Normal
2020-07-28,3218.43994140625,25.440000534057617,-0.65,76,Normal
2020-07-29,3258.43994140625,24.100000381469727,1.24,71,Normal
2020-07-30,3246.219970703125,24.760000228881836,-0.38,76,Normal
2020-07-31,3271.1201171875,24.459999084472656,0.77,75,Normal
2020-08-03,3294.610107421875,24.280000686645508,0.72,75,Normal
2020-08-04,3306.510009765625,23.760000228881836,0.36,72,Normal
2020-08-05,3327.77001953125,22.989999771118164,0.64,75,Normal
2020-08-06,3349.159912109375,22.649999618530273,0.64,79,Normal
2020-08-07,3351.280029296875,22.209999084472656,0.06,77,Normal
2020-08-10,3360.469970703125,22.1299991607666,0.27,78,Normal
2020-08-11,3333.68994140625,24.030000686645508,-0.8,84,Normal
2020-08-12,3380.35009765625,22.280000686645508,1.4,75,Normal
2020-08-13,3373.429931640625,22.1299991607666,-0.2,75,Normal
2020-08-14,3372.85009765625,22.049999237060547,-0.02,78,Normal
2020-08-17,3381.989990234375,21.350000381469727,0.27,83,Normal
2020-08-18,3389.780029296875,21.510000228881836,0.23,82,Normal
2020-08-19,3374.85009765625,22.540000915527344,-0.44,80,Normal
2020-08-20,3385.510009765625,22.719999313354492,0.32,75,Normal
2020-08-21,3397.159912109375,22.540000915527344,0.34,81,Normal
2020-08-24,3431.280029296875,22.3700008392334,1.0,78,Normal
2020-08-25,3443.6201171875,22.030000686645508,0.36,75,Normal
2020-08-26,3478.72998046875,23.270000457763672,1.02,76,Normal
2020-08-27,3484.550048828125,24.469999313354492,0.17,75,Normal
2020-08-28,3508.010009765625,22.959999084472656,0.67,74,Normal
2020-08-31,3500.31005859375,26.40999984741211,-0.22,75,Normal
2020-09-01,3526.64990234375,26.1200008392334,0.75,75,Normal
2020-09-02,3580.840087890625,26.56999969482422,1.54,83,Normal
2020-09-03,3455.06005859375,33.599998474121094,-3.51,79,Level_3 (Extreme >3%)
2020-09-04,3426.9599609375,30.75,-0.81,40,Normal
2020-09-08,3331.840087890625,31.459999084472656,-2.78,41,Level_2 (High >2%)
2020-09-09,3398.9599609375,28.809999465942383,2.01,38,Level_2 (High >2%)
2020-09-10,3339.18994140625,29.709999084472656,-1.76,38,Normal
2020-09-11,3340.969970703125,26.8700008392334,0.05,41,Normal
2020-09-14,3383.5400390625,25.850000381469727,1.27,39,Normal
2020-09-15,3401.199951171875,25.59000015258789,0.52,47,Normal
2020-09-16,3385.489990234375,26.040000915527344,-0.46,43,Normal
2020-09-17,3357.010009765625,26.459999084472656,-0.84,48,Normal
2020-09-18,3319.469970703125,25.829999923706055,-1.12,49,Normal
2020-09-21,3281.06005859375,27.780000686645508,-1.16,48,Normal
2020-09-22,3315.570068359375,26.860000610351562,1.05,39,Normal
2020-09-23,3236.919921875,28.579999923706055,-2.37,43,Level_2 (High >2%)
2020-09-24,3246.590087890625,28.510000228881836,0.3,39,Normal
2020-09-25,3298.4599609375,26.3799991607666,1.6,46,Normal
2020-09-28,3351.60009765625,26.190000534057617,1.61,43,Normal
2020-09-29,3335.469970703125,26.270000457763672,-0.48,45,Normal
2020-09-30,3363.0,26.3700008392334,0.83,49,Normal
2020-10-01,3380.800048828125,26.700000762939453,0.53,45,Normal
2020-10-02,3348.419921875,27.6299991607666,-0.96,41,Normal
2020-10-05,3408.60009765625,27.959999084472656,1.8,42,Normal
2020-10-06,3360.969970703125,29.479999542236328,-1.4,47,Normal
2020-10-07,3419.43994140625,28.059999465942383,1.74,43,Normal
2020-10-08,3446.830078125,26.360000610351562,0.8,46,Normal
2020-10-09,3477.139892578125,25.0,0.88,48,Normal
2020-10-12,3534.219970703125,25.06999969482422,1.64,52,Normal
2020-10-13,3511.929931640625,26.06999969482422,-0.63,56,Normal
2020-10-14,3488.669921875,26.399999618530273,-0.66,53,Normal
2020-10-15,3483.340087890625,26.969999313354492,-0.15,56,Normal
2020-10-16,3483.81005859375,27.40999984741211,0.01,52,Normal
2020-10-19,3426.919921875,29.18000030517578,-1.63,55,Normal
2020-10-20,3443.1201171875,29.350000381469727,0.47,56,Normal
2020-10-21,3435.56005859375,28.649999618530273,-0.22,61,Normal
2020-10-22,3453.489990234375,28.110000610351562,0.52,73,Normal
2020-10-23,3465.389892578125,27.549999237060547,0.34,74,Normal
2020-10-26,3400.969970703125,32.459999084472656,-1.86,75,Normal
2020-10-27,3390.679931640625,33.349998474121094,-0.3,61,Normal
2020-10-28,3271.030029296875,40.279998779296875,-3.53,70,Level_3 (Extreme >3%)
2020-10-29,3310.110107421875,37.59000015258789,1.19,67,Normal
2020-10-30,3269.9599609375,38.02000045776367,-1.21,74,Normal
2020-11-02,3310.239990234375,37.130001068115234,1.23,71,Normal
2020-11-03,3369.159912109375,35.54999923706055,1.78,71,Normal
2020-11-04,3443.43994140625,29.56999969482422,2.2,74,Level_2 (High >2%)
2020-11-05,3510.449951171875,27.579999923706055,1.95,72,Normal
2020-11-06,3509.43994140625,24.860000610351562,-0.03,90,Normal
2020-11-09,3550.5,25.75,1.17,90,Normal
2020-11-10,3545.530029296875,24.799999237060547,-0.14,90,Normal
2020-11-11,3572.659912109375,23.450000762939453,0.77,86,Normal
2020-11-12,3537.010009765625,25.350000381469727,-1.0,87,Normal
2020-11-13,3585.14990234375,23.100000381469727,1.36,89,Normal
2020-11-16,3626.909912109375,22.450000762939453,1.16,90,Normal
2020-11-17,3609.530029296875,22.709999084472656,-0.48,86,Normal
2020-11-18,3567.7900390625,23.84000015258789,-1.16,91,Normal
2020-11-19,3581.8701171875,23.110000610351562,0.39,94,Normal
2020-11-20,3557.5400390625,23.700000762939453,-0.68,86,Normal
2020-11-23,3577.590087890625,22.65999984741211,0.56,90,Normal
2020-11-24,3635.409912109375,21.639999389648438,1.62,88,Normal
2020-11-25,3629.64990234375,21.25,-0.16,94,Normal
2020-11-27,3638.35009765625,20.84000015258789,0.24,86,Normal
2020-11-30,3621.6298828125,20.56999969482422,-0.46,88,Normal
2020-12-01,3662.449951171875,20.770000457763672,1.13,95,Normal
2020-12-02,3669.010009765625,21.170000076293945,0.18,92,Normal
2020-12-03,3666.719970703125,21.280000686645508,-0.06,92,Normal
2020-12-04,3699.1201171875,20.790000915527344,0.88,92,Normal
2020-12-07,3691.9599609375,21.299999237060547,-0.19,94,Normal
2020-12-08,3702.25,20.68000030517578,0.28,95,Normal
2020-12-09,3672.820068359375,22.270000457763672,-0.79,86,Normal
2020-12-10,3668.10009765625,22.520000457763672,-0.13,94,Normal
2020-12-11,3663.4599609375,23.309999465942383,-0.13,89,Normal
2020-12-14,3647.489990234375,24.719999313354492,-0.44,95,Normal
2020-12-15,3694.6201171875,22.889999389648438,1.29,91,Normal
2020-12-16,3701.169921875,22.5,0.18,92,Normal
2020-12-17,3722.47998046875,21.93000030517578,0.58,92,Normal
2020-12-18,3709.409912109375,21.56999969482422,-0.35,95,Normal
2020-12-21,3694.919921875,25.15999984741211,-0.39,92,Normal
2020-12-22,3687.260009765625,24.229999542236328,-0.21,88,Normal
2020-12-23,3690.010009765625,23.309999465942383,0.07,93,Normal
2020-12-24,3703.06005859375,21.530000686645508,0.35,86,Normal
2020-12-28,3735.360107421875,21.700000762939453,0.87,92,Normal
2020-12-29,3727.0400390625,23.079999923706055,-0.22,91,Normal
2020-12-30,3732.0400390625,22.770000457763672,0.13,91,Normal
2020-12-31,3756.070068359375,22.75,0.64,95,Normal
2021-01-04,3700.64990234375,26.969999313354492,-1.48,94,Normal
2021-01-05,3726.860107421875,25.34000015258789,0.71,93,Normal
2021-01-06,3748.139892578125,25.06999969482422,0.57,95,Normal
2021-01-07,3803.7900390625,22.3700008392334,1.48,91,Normal
2021-01-08,3824.679931640625,21.559999465942383,0.55,93,Normal
2021-01-11,3799.610107421875,24.079999923706055,-0.66,90,Normal
2021-01-12,3801.18994140625,23.329999923706055,0.04,84,Normal
2021-01-13,3809.840087890625,22.209999084472656,0.23,78,Normal
2021-01-14,3795.5400390625,23.25,-0.38,83,Normal
2021-01-15,3768.25,24.34000015258789,-0.72,88,Normal
2021-01-19,3798.909912109375,23.239999771118164,0.81,80,Normal
2021-01-20,3851.85009765625,21.579999923706055,1.39,78,Normal
2021-01-21,3853.070068359375,21.31999969482422,0.03,75,Normal
2021-01-22,3841.469970703125,21.90999984741211,-0.3,40,Normal
2021-01-25,3855.360107421875,23.190000534057617,0.36,74,Normal
2021-01-26,3849.6201171875,23.020000457763672,-0.15,71,Normal
2021-01-27,3750.77001953125,37.209999084472656,-2.57,78,Level_2 (High >2%)
2021-01-28,3787.3798828125,30.209999084472656,0.98,55,Normal
2021-01-29,3714.239990234375,33.09000015258789,-1.93,77,Normal
2021-02-01,3773.860107421875,30.239999771118164,1.61,77,Normal
2021-02-02,3826.31005859375,25.559999465942383,1.39,76,Normal
2021-02-03,3830.169921875,22.90999984741211,0.1,78,Normal
2021-02-04,3871.739990234375,21.770000457763672,1.09,80,Normal
2021-02-05,3886.830078125,20.8700008392334,0.39,81,Normal
2021-02-08,3915.590087890625,21.239999771118164,0.74,83,Normal
2021-02-09,3911.22998046875,21.6299991607666,-0.11,95,Normal
2021-02-10,3909.8798828125,21.989999771118164,-0.03,92,Normal
2021-02-11,3916.3798828125,21.25,0.17,93,Normal
2021-02-12,3934.830078125,19.969999313354492,0.47,92,Normal
2021-02-16,3932.590087890625,21.459999084472656,-0.06,95,Normal
2021-02-17,3931.330078125,21.5,-0.03,95,Normal
2021-02-18,3913.969970703125,22.489999771118164,-0.44,91,Normal
2021-02-19,3906.7099609375,22.049999237060547,-0.19,93,Normal
2021-02-22,3876.5,23.450000762939453,-0.77,94,Normal
2021-02-23,3881.3701171875,23.110000610351562,0.13,94,Normal
2021-02-24,3925.429931640625,21.34000015258789,1.14,76,Normal
2021-02-25,3829.340087890625,28.889999389648438,-2.45,79,Level_2 (High >2%)
2021-02-26,3811.14990234375,27.950000762939453,-0.48,55,Normal
2021-03-01,3901.820068359375,23.350000381469727,2.38,38,Level_2 (High >2%)
2021-03-02,3870.2900390625,24.100000381469727,-0.81,78,Normal
2021-03-03,3819.719970703125,26.670000076293945,-1.31,78,Normal
2021-03-04,3768.469970703125,28.56999969482422,-1.34,84,Normal
2021-03-05,3841.93994140625,24.65999984741211,1.95,77,Normal
2021-03-08,3821.35009765625,25.469999313354492,-0.54,81,Normal
2021-03-09,3875.43994140625,24.030000686645508,1.42,81,Normal
2021-03-10,3898.81005859375,22.559999465942383,0.6,68,Normal
2021-03-11,3939.340087890625,21.90999984741211,1.04,73,Normal
2021-03-12,3943.340087890625,20.690000534057617,0.1,70,Normal
2021-03-15,3968.93994140625,20.030000686645508,0.65,76,Normal
2021-03-16,3962.7099609375,19.790000915527344,-0.16,71,Normal
2021-03-17,3974.1201171875,19.229999542236328,0.29,71,Normal
2021-03-18,3915.4599609375,21.579999923706055,-1.48,72,Normal
2021-03-19,3913.10009765625,20.950000762939453,-0.06,71,Normal
2021-03-22,3940.590087890625,18.8799991607666,0.7,70,Normal
2021-03-23,3910.52001953125,20.299999237060547,-0.76,66,Normal
2021-03-24,3889.139892578125,21.200000762939453,-0.55,65,Normal
2021-03-25,3909.52001953125,19.809999465942383,0.52,60,Normal
2021-03-26,3974.5400390625,18.860000610351562,1.66,54,Normal
2021-03-29,3971.090087890625,20.739999771118164,-0.09,72,Normal
2021-03-30,3958.550048828125,19.610000610351562,-0.32,72,Normal
2021-03-31,3972.889892578125,19.399999618530273,0.36,76,Normal
2021-04-01,4019.8701171875,17.329999923706055,1.18,74,Normal
2021-04-05,4077.909912109375,17.90999984741211,1.44,71,Normal
2021-04-06,4073.93994140625,18.1200008392334,-0.1,75,Normal
2021-04-07,4079.949951171875,17.15999984741211,0.15,72,Normal
2021-04-08,4097.169921875,16.950000762939453,0.42,73,Normal
2021-04-09,4128.7998046875,16.690000534057617,0.77,70,Normal
2021-04-12,4127.990234375,16.90999984741211,-0.02,74,Normal
2021-04-13,4141.58984375,16.649999618530273,0.33,74,Normal
2021-04-14,4124.66015625,16.989999771118164,-0.41,75,Normal
2021-04-15,4170.419921875,16.56999969482422,1.11,79,Normal
2021-04-16,4185.47021484375,16.25,0.36,78,Normal
2021-04-19,4163.259765625,17.290000915527344,-0.53,74,Normal
2021-04-20,4134.93994140625,18.68000030517578,-0.68,73,Normal
2021-04-21,4173.419921875,17.5,0.93,73,Normal
2021-04-22,4134.97998046875,18.709999084472656,-0.92,65,Normal
2021-04-23,4180.169921875,17.329999923706055,1.09,55,Normal
2021-04-26,4187.6201171875,17.639999389648438,0.18,27,Normal
2021-04-27,4186.72021484375,17.559999465942383,-0.02,50,Normal
2021-04-28,4183.18017578125,17.280000686645508,-0.08,59,Normal
2021-04-29,4211.47021484375,17.610000610351562,0.68,52,Normal
2021-04-30,4181.169921875,18.610000610351562,-0.72,51,Normal
2021-05-03,4192.66015625,18.309999465942383,0.27,61,Normal
2021-05-04,4164.66015625,19.479999542236328,-0.67,68,Normal
2021-05-05,4167.58984375,19.149999618530273,0.07,48,Normal
2021-05-06,4201.6201171875,18.389999389648438,0.82,65,Normal
2021-05-07,4232.60009765625,16.690000534057617,0.74,64,Normal
2021-05-10,4188.43017578125,19.65999984741211,-1.04,72,Normal
2021-05-11,4152.10009765625,21.84000015258789,-0.87,61,Normal
2021-05-12,4063.0400390625,27.59000015258789,-2.14,68,Level_2 (High >2%)
2021-05-13,4112.5,23.1299991607666,1.22,31,Normal
2021-05-14,4173.85009765625,18.809999465942383,1.49,26,Normal
2021-05-17,4163.2900390625,19.719999313354492,-0.25,27,Normal
2021-05-18,4127.830078125,21.34000015258789,-0.85,21,Normal
2021-05-19,4115.68017578125,22.18000030517578,-0.29,23,Normal
2021-05-20,4159.1201171875,20.670000076293945,1.06,11,Normal
2021-05-21,4155.85986328125,20.149999618530273,-0.08,19,Normal
2021-05-24,4197.0498046875,18.399999618530273,0.99,10,Normal
2021-05-25,4188.1298828125,18.84000015258789,-0.21,22,Normal
2021-05-26,4195.990234375,17.360000610351562,0.19,22,Normal
2021-05-27,4200.8798828125,16.739999771118164,0.12,27,Normal
2021-05-28,4204.10986328125,16.760000228881836,0.08,21,Normal
2021-06-01,4202.0400390625,17.899999618530273,-0.05,20,Normal
2021-06-02,4208.1201171875,17.479999542236328,0.14,23,Normal
2021-06-03,4192.85009765625,18.040000915527344,-0.36,24,Normal
2021-06-04,4229.89013671875,16.420000076293945,0.88,27,Normal
2021-06-07,4226.52001953125,16.420000076293945,-0.08,15,Normal
2021-06-08,4227.259765625,17.06999969482422,0.02,13,Normal
2021-06-09,4219.5498046875,17.889999389648438,-0.18,14,Normal
2021-06-10,4239.18017578125,16.100000381469727,0.47,21,Normal
2021-06-11,4247.43994140625,15.649999618530273,0.19,21,Normal
2021-06-14,4255.14990234375,16.389999389648438,0.18,28,Normal
2021-06-15,4246.58984375,17.020000457763672,-0.2,38,Normal
2021-06-16,4223.7001953125,18.149999618530273,-0.54,33,Normal
2021-06-17,4221.85986328125,17.75,-0.04,26,Normal
2021-06-18,4166.4501953125,20.700000762939453,-1.31,25,Normal
2021-06-21,4224.7900390625,17.889999389648438,1.4,23,Normal
2021-06-22,4246.43994140625,16.65999984741211,0.51,10,Normal
2021-06-23,4241.83984375,16.31999969482422,-0.11,14,Normal
2021-06-24,4266.490234375,15.970000267028809,0.58,22,Normal
2021-06-25,4280.7001953125,15.619999885559082,0.33,27,Normal
2021-06-28,4290.60986328125,15.760000228881836,0.23,25,Normal
2021-06-29,4291.7998046875,16.020000457763672,0.03,25,Normal
2021-06-30,4297.5,15.829999923706055,0.13,28,Normal
2021-07-01,4319.93994140625,15.479999542236328,0.52,28,Normal
2021-07-02,4352.33984375,15.069999694824219,0.75,21,Normal
2021-07-06,4343.5400390625,16.440000534057617,-0.2,20,Normal
2021-07-07,4358.1298828125,16.200000762939453,0.34,28,Normal
2021-07-08,4320.81982421875,19.0,-0.86,20,Normal
2021-07-09,4369.5498046875,16.18000030517578,1.13,20,Normal
2021-07-12,4384.6298828125,16.170000076293945,0.35,25,Normal
2021-07-13,4369.2099609375,17.1200008392334,-0.35,20,Normal
2021-07-14,4374.2998046875,16.329999923706055,0.12,21,Normal
2021-07-15,4360.02978515625,17.010000228881836,-0.33,20,Normal
2021-07-16,4327.16015625,18.450000762939453,-0.75,22,Normal
2021-07-19,4258.490234375,22.5,-1.59,24,Normal
2021-07-20,4323.06005859375,19.729999542236328,1.52,19,Normal
2021-07-21,4358.68994140625,17.90999984741211,0.82,10,Normal
2021-07-22,4367.47998046875,17.690000534057617,0.2,21,Normal
2021-07-23,4411.7900390625,17.200000762939453,1.01,23,Normal
2021-07-26,4422.2998046875,17.579999923706055,0.24,26,Normal
2021-07-27,4401.4599609375,19.360000610351562,-0.47,32,Normal
2021-07-28,4400.64013671875,18.309999465942383,-0.02,50,Normal
2021-07-29,4419.14990234375,17.700000762939453,0.42,50,Normal
2021-07-30,4395.259765625,18.239999771118164,-0.54,53,Normal
2021-08-02,4387.16015625,19.459999084472656,-0.18,48,Normal
2021-08-03,4423.14990234375,18.040000915527344,0.82,48,Normal
2021-08-04,4402.66015625,17.969999313354492,-0.46,42,Normal
2021-08-05,4429.10009765625,17.280000686645508,0.6,50,Normal
2021-08-06,4436.52001953125,16.149999618530273,0.17,52,Normal
2021-08-09,4432.35009765625,16.719999313354492,-0.09,65,Normal
2021-08-10,4436.75,16.790000915527344,0.1,71,Normal
2021-08-11,4442.41015625,16.170000076293945,0.13,70,Normal
2021-08-12,4460.830078125,15.59000015258789,0.41,70,Normal
2021-08-13,4468.0,15.449999809265137,0.16,70,Normal
2021-08-16,4479.7099609375,16.1200008392334,0.26,72,Normal
2021-08-17,4448.080078125,17.90999984741211,-0.71,72,Normal
2021-08-18,4400.27001953125,21.56999969482422,-1.07,73,Normal
2021-08-19,4405.7998046875,21.670000076293945,0.13,70,Normal
2021-08-20,4441.669921875,18.559999465942383,0.81,70,Normal
2021-08-23,4479.52978515625,17.149999618530273,0.85,79,Normal
2021-08-24,4486.22998046875,17.219999313354492,0.15,79,Normal
2021-08-25,4496.18994140625,16.790000915527344,0.22,73,Normal
2021-08-26,4470.0,18.84000015258789,-0.58,75,Normal
2021-08-27,4509.3701171875,16.389999389648438,0.88,71,Normal
2021-08-30,4528.7900390625,16.190000534057617,0.43,73,Normal
2021-08-31,4522.68017578125,16.479999542236328,-0.13,73,Normal
2021-09-01,4524.08984375,16.110000610351562,0.03,71,Normal
2021-09-02,4536.9501953125,16.40999984741211,0.28,74,Normal
2021-09-03,4535.43017578125,16.40999984741211,-0.03,74,Normal
2021-09-07,4520.02978515625,18.139999389648438,-0.34,79,Normal
2021-09-08,4514.06982421875,17.959999084472656,-0.13,47,Normal
2021-09-09,4493.27978515625,18.799999237060547,-0.46,45,Normal
2021-09-10,4458.580078125,20.950000762939453,-0.77,46,Normal
2021-09-13,4468.72998046875,19.3700008392334,0.23,44,Normal
2021-09-14,4443.0498046875,19.459999084472656,-0.57,30,Normal
2021-09-15,4480.7001953125,18.18000030517578,0.85,49,Normal
2021-09-16,4473.75,18.690000534057617,-0.16,53,Normal
2021-09-17,4432.990234375,20.809999465942383,-0.91,48,Normal
2021-09-20,4357.72998046875,25.709999084472656,-1.7,50,Normal
2021-09-21,4354.18994140625,24.360000610351562,-0.08,27,Normal
2021-09-22,4395.64013671875,20.8700008392334,0.95,21,Normal
2021-09-23,4448.97998046875,18.6299991607666,1.21,27,Normal
2021-09-24,4455.47998046875,17.75,0.15,33,Normal
2021-09-27,4443.10986328125,18.760000228881836,-0.28,26,Normal
2021-09-28,4352.6298828125,23.25,-2.04,25,Level_2 (High >2%)
2021-09-29,4359.4599609375,22.559999465942383,0.16,24,Normal
2021-09-30,4307.5400390625,23.139999389648438,-1.19,20,Normal
2021-10-01,4357.0400390625,21.100000381469727,1.15,27,Normal
2021-10-04,4300.4599609375,22.959999084472656,-1.3,54,Normal
2021-10-05,4345.72021484375,21.299999237060547,1.05,59,Normal
2021-10-06,4363.5498046875,21.0,0.41,68,Normal
2021-10-07,4399.759765625,19.540000915527344,0.83,76,Normal
2021-10-08,4391.33984375,18.770000457763672,-0.19,74,Normal
2021-10-11,4361.18994140625,20.0,-0.69,71,Normal
2021-10-12,4350.64990234375,19.850000381469727,-0.24,78,Normal
2021-10-13,4363.7998046875,18.639999389648438,0.3,70,Normal
2021-10-14,4438.259765625,16.860000610351562,1.71,70,Normal
2021-10-15,4471.3701171875,16.299999237060547,0.75,71,Normal
2021-10-18,4486.4599609375,16.309999465942383,0.34,78,Normal
2021-10-19,4519.6298828125,15.699999809265137,0.74,75,Normal
2021-10-20,4536.18994140625,15.489999771118164,0.37,82,Normal
2021-10-21,4549.77978515625,15.010000228881836,0.3,84,Normal
2021-10-22,4544.89990234375,15.430000305175781,-0.11,75,Normal
2021-10-25,4566.47998046875,15.239999771118164,0.47,72,Normal
2021-10-26,4574.7900390625,15.979999542236328,0.18,76,Normal
2021-10-27,4551.68017578125,16.979999542236328,-0.51,73,Normal
2021-10-28,4596.419921875,16.530000686645508,0.98,66,Normal
2021-10-29,4605.3798828125,16.260000228881836,0.19,70,Normal
2021-11-01,4613.669921875,16.40999984741211,0.18,74,Normal
2021-11-02,4630.64990234375,16.030000686645508,0.37,73,Normal
2021-11-03,4660.56982421875,15.100000381469727,0.65,76,Normal
2021-11-04,4680.06005859375,15.4399995803833,0.42,73,Normal
2021-11-05,4697.52978515625,16.479999542236328,0.37,73,Normal
2021-11-08,4701.7001953125,17.219999313354492,0.09,75,Normal
2021-11-09,4685.25,17.780000686645508,-0.35,84,Normal
2021-11-10,4646.7099609375,18.729999542236328,-0.82,75,Normal
2021-11-11,4649.27001953125,17.65999984741211,0.06,77,Normal
2021-11-12,4682.85009765625,16.290000915527344,0.72,74,Normal
2021-11-15,4682.7998046875,16.489999771118164,-0.0,72,Normal
2021-11-16,4700.89990234375,16.3700008392334,0.39,71,Normal
2021-11-17,4688.669921875,17.110000610351562,-0.26,52,Normal
2021-11-18,4704.5400390625,17.59000015258789,0.34,54,Normal
2021-11-19,4697.9599609375,17.90999984741211,-0.14,34,Normal
2021-11-22,4682.93994140625,19.170000076293945,-0.32,50,Normal
2021-11-23,4690.7001953125,19.3799991607666,0.17,33,Normal
2021-11-24,4701.4599609375,18.579999923706055,0.23,42,Normal
2021-11-26,4594.6201171875,28.6200008392334,-2.27,47,Level_2 (High >2%)
2021-11-29,4655.27001953125,22.959999084472656,1.32,33,Normal
2021-11-30,4567.0,27.190000534057617,-1.9,40,Normal
2021-12-01,4513.0400390625,31.1200008392334,-1.18,34,Normal
2021-12-02,4577.10009765625,27.950000762939453,1.42,32,Normal
2021-12-03,4538.43017578125,30.670000076293945,-0.84,31,Normal
2021-12-06,4591.669921875,27.18000030517578,1.17,16,Normal
2021-12-07,4686.75,21.889999389648438,2.07,25,Level_2 (High >2%)
2021-12-08,4701.2099609375,19.899999618530273,0.31,28,Normal
2021-12-09,4667.4501953125,21.579999923706055,-0.72,29,Normal
2021-12-10,4712.02001953125,18.690000534057617,0.95,24,Normal
2021-12-13,4668.97021484375,20.309999465942383,-0.91,28,Normal
2021-12-14,4634.08984375,21.889999389648438,-0.75,21,Normal
2021-12-15,4709.85009765625,19.290000915527344,1.63,28,Normal
2021-12-16,4668.669921875,20.56999969482422,-0.87,29,Normal
2021-12-17,4620.64013671875,21.56999969482422,-1.03,23,Normal
2021-12-20,4568.02001953125,22.8700008392334,-1.14,25,Normal
2021-12-21,4649.22998046875,21.010000228881836,1.78,27,Normal
2021-12-22,4696.56005859375,18.6299991607666,1.02,45,Normal
2021-12-23,4725.7900390625,17.959999084472656,0.62,34,Normal
2021-12-27,4791.18994140625,17.68000030517578,1.38,40,Normal
2021-12-28,4786.35009765625,17.540000915527344,-0.1,41,Normal
2021-12-29,4793.06005859375,16.950000762939453,0.14,27,Normal
2021-12-30,4778.72998046875,17.329999923706055,-0.3,22,Normal
2021-12-31,4766.18017578125,17.219999313354492,-0.26,28,Normal
2022-01-03,4796.56005859375,16.600000381469727,0.64,29,Normal
2022-01-04,4793.5400390625,16.90999984741211,-0.06,23,Normal
2022-01-05,4700.580078125,19.729999542236328,-1.94,24,Normal
2022-01-06,4696.0498046875,19.610000610351562,-0.1,15,Normal
2022-01-07,4677.02978515625,18.760000228881836,-0.41,18,Normal
2022-01-10,4670.2900390625,19.399999618530273,-0.14,23,Normal
2022-01-11,4713.06982421875,18.40999984741211,0.92,21,Normal
2022-01-12,4726.35009765625,17.6200008392334,0.28,22,Normal
2022-01-13,4659.02978515625,20.309999465942383,-1.42,21,Normal
2022-01-14,4662.85009765625,19.190000534057617,0.08,21,Normal
2022-01-18,4577.10986328125,22.790000915527344,-1.84,24,Normal
2022-01-19,4532.759765625,23.850000381469727,-0.97,24,Normal
2022-01-20,4482.72998046875,25.59000015258789,-1.1,24,Normal
2022-01-21,4397.93994140625,28.850000381469727,-1.89,19,Normal
2022-01-24,4410.1298828125,29.899999618530273,0.28,13,Normal
2022-01-25,4356.4501953125,31.15999984741211,-1.22,12,Normal
2022-01-26,4349.93017578125,31.959999084472656,-0.15,23,Normal
2022-01-27,4326.509765625,30.489999771118164,-0.54,20,Normal
2022-01-28,4431.85009765625,27.65999984741211,2.43,24,Level_2 (High >2%)
2022-01-31,4515.5498046875,24.829999923706055,1.89,20,Normal
2022-02-01,4546.5400390625,21.959999084472656,0.69,26,Normal
2022-02-02,4589.3798828125,22.09000015258789,0.94,28,Normal
2022-02-03,4477.43994140625,24.350000381469727,-2.44,20,Level_2 (High >2%)
2022-02-04,4500.52978515625,23.219999313354492,0.52,20,Normal
2022-02-07,4483.8701171875,22.860000610351562,-0.37,45,Normal
2022-02-08,4521.5400390625,21.440000534057617,0.84,48,Normal
2022-02-09,4587.18017578125,19.959999084472656,1.45,54,Normal
2022-02-10,4504.080078125,23.90999984741211,-1.81,50,Normal
2022-02-11,4418.64013671875,27.360000610351562,-1.9,50,Normal
2022-02-14,4401.669921875,28.329999923706055,-0.38,46,Normal
2022-02-15,4471.06982421875,25.700000762939453,1.58,46,Normal
2022-02-16,4475.009765625,24.290000915527344,0.09,51,Normal
2022-02-17,4380.259765625,28.110000610351562,-2.12,52,Level_2 (High >2%)
2022-02-18,4348.8701171875,27.75,-0.72,30,Normal
2022-02-22,4304.759765625,28.809999465942383,-1.01,20,Normal
2022-02-23,4225.5,31.020000457763672,-1.84,25,Normal
2022-02-24,4288.7001953125,30.31999969482422,1.5,23,Normal
2022-02-25,4384.64990234375,27.59000015258789,2.24,27,Level_2 (High >2%)
2022-02-28,4373.93994140625,30.149999618530273,-0.24,20,Normal
2022-03-01,4306.259765625,33.31999969482422,-1.55,51,Normal
2022-03-02,4386.5400390625,30.739999771118164,1.86,52,Normal
2022-03-03,4363.490234375,30.479999542236328,-0.53,39,Normal
2022-03-04,4328.8701171875,31.979999542236328,-0.79,33,Normal
2022-03-07,4201.08984375,36.45000076293945,-2.95,23,Level_2 (High >2%)
2022-03-08,4170.7001953125,35.130001068115234,-0.72,21,Normal
2022-03-09,4277.8798828125,32.45000076293945,2.57,22,Level_2 (High >2%)
2022-03-10,4259.52001953125,30.229999542236328,-0.43,28,Normal
2022-03-11,4204.31005859375,30.75,-1.3,22,Normal
2022-03-14,4173.10986328125,31.770000457763672,-0.74,23,Normal
2022-03-15,4262.4501953125,29.829999923706055,2.14,21,Level_2 (High >2%)
2022-03-16,4357.85986328125,26.670000076293945,2.24,24,Level_2 (High >2%)
2022-03-17,4411.669921875,25.670000076293945,1.23,27,Normal
2022-03-18,4463.1201171875,23.8700008392334,1.17,25,Normal
2022-03-21,4461.18017578125,23.530000686645508,-0.04,30,Normal
2022-03-22,4511.60986328125,22.940000534057617,1.13,26,Normal
2022-03-23,4456.240234375,23.56999969482422,-1.23,31,Normal
2022-03-24,4520.16015625,21.670000076293945,1.43,40,Normal
2022-03-25,4543.06005859375,20.809999465942383,0.51,47,Normal
2022-03-28,4575.52001953125,19.6299991607666,0.71,60,Normal
2022-03-29,4631.60009765625,18.899999618530273,1.23,56,Normal
2022-03-30,4602.4501953125,19.329999923706055,-0.63,55,Normal
2022-03-31,4530.41015625,20.559999465942383,-1.57,52,Normal
2022-04-01,4545.85986328125,19.6299991607666,0.34,50,Normal
2022-04-04,4582.64013671875,18.56999969482422,0.81,52,Normal
2022-04-05,4525.1201171875,21.030000686645508,-1.26,53,Normal
2022-04-06,4481.14990234375,22.100000381469727,-0.97,48,Normal
2022-04-07,4500.2099609375,21.549999237060547,0.43,34,Normal
2022-04-08,4488.27978515625,21.15999984741211,-0.27,37,Normal
2022-04-11,4412.52978515625,24.3700008392334,-1.69,32,Normal
2022-04-12,4397.4501953125,24.260000228881836,-0.34,20,Normal
2022-04-13,4446.58984375,21.81999969482422,1.12,25,Normal
2022-04-14,4392.58984375,22.700000762939453,-1.21,28,Normal
2022-04-18,4391.68994140625,22.170000076293945,-0.02,24,Normal
2022-04-19,4462.2099609375,21.3700008392334,1.61,27,Normal
2022-04-20,4459.4501953125,20.31999969482422,-0.06,27,Normal
2022-04-21,4393.66015625,22.68000030517578,-1.48,27,Normal
2022-04-22,4271.77978515625,28.209999084472656,-2.77,26,Level_2 (High >2%)
2022-04-25,4296.1201171875,27.020000457763672,0.57,23,Normal
2022-04-26,4175.2001953125,33.52000045776367,-2.81,27,Level_2 (High >2%)
2022-04-27,4183.9599609375,31.600000381469727,0.21,21,Normal
2022-04-28,4287.5,29.989999771118164,2.47,24,Level_2 (High >2%)
2022-04-29,4131.93017578125,33.400001525878906,-3.63,23,Level_3 (Extreme >3%)
2022-05-02,4155.3798828125,32.34000015258789,0.57,28,Normal
2022-05-03,4175.47998046875,29.25,0.48,27,Normal
2022-05-04,4300.169921875,25.420000076293945,2.99,21,Level_2 (High >2%)
2022-05-05,4146.8701171875,31.200000762939453,-3.56,27,Level_3 (Extreme >3%)
2022-05-06,4123.33984375,30.190000534057617,-0.57,22,Normal
2022-05-09,3991.239990234375,34.75,-3.2,11,Level_3 (Extreme >3%)
2022-05-10,4001.050048828125,32.9900016784668,0.25,10,Normal
2022-05-11,3935.179931640625,32.560001373291016,-1.65,12,Normal
2022-05-12,3930.080078125,31.770000457763672,-0.13,12,Normal
2022-05-13,4023.889892578125,28.8700008392334,2.39,10,Level_2 (High >2%)
2022-05-16,4008.010009765625,27.469999313354492,-0.39,14,Normal
2022-05-17,4088.85009765625,26.100000381469727,2.02,8,Level_2 (High >2%)
2022-05-18,3923.679931640625,30.959999084472656,-4.04,12,Level_3 (Extreme >3%)
2022-05-19,3900.7900390625,29.350000381469727,-0.58,13,Normal
2022-05-20,3901.360107421875,29.43000030517578,0.01,13,Normal
2022-05-23,3973.75,28.479999542236328,1.86,10,Normal
2022-05-24,3941.47998046875,29.450000762939453,-0.81,12,Normal
2022-05-25,3978.72998046875,28.3700008392334,0.95,11,Normal
2022-05-26,4057.840087890625,27.5,1.99,12,Normal
2022-05-27,4158.240234375,25.719999313354492,2.47,12,Level_2 (High >2%)
2022-05-31,4132.14990234375,26.190000534057617,-0.63,16,Normal
2022-06-01,4101.22998046875,25.690000534057617,-0.75,17,Normal
2022-06-02,4176.81982421875,24.719999313354492,1.84,13,Normal
2022-06-03,4108.5400390625,24.790000915527344,-1.63,10,Normal
2022-06-06,4121.43017578125,25.06999969482422,0.31,13,Normal
2022-06-07,4160.68017578125,24.020000457763672,0.95,15,Normal
2022-06-08,4115.77001953125,23.959999084472656,-1.08,17,Normal
2022-06-09,4017.820068359375,26.09000015258789,-2.38,11,Level_2 (High >2%)
2022-06-10,3900.860107421875,27.75,-2.91,13,Level_2 (High >2%)
2022-06-13,3749.6298828125,34.02000045776367,-3.88,11,Level_3 (Extreme >3%)
2022-06-14,3735.47998046875,32.689998626708984,-0.38,8,Normal
2022-06-15,3789.989990234375,29.6200008392334,1.46,7,Normal
2022-06-16,3666.77001953125,32.95000076293945,-3.25,7,Level_3 (Extreme >3%)
2022-06-17,3674.840087890625,31.1299991607666,0.22,9,Normal
2022-06-21,3764.7900390625,30.190000534057617,2.45,9,Level_2 (High >2%)
2022-06-22,3759.889892578125,28.950000762939453,-0.13,11,Normal
2022-06-23,3795.72998046875,29.049999237060547,0.95,11,Normal
2022-06-24,3911.739990234375,27.229999542236328,3.06,11,Level_3 (Extreme >3%)
2022-06-27,3900.110107421875,26.950000762939453,-0.3,12,Normal
2022-06-28,3821.550048828125,28.360000610351562,-2.01,10,Level_2 (High >2%)
2022-06-29,3818.830078125,28.15999984741211,-0.07,13,Normal
2022-06-30,3785.3798828125,28.709999084472656,-0.88,11,Normal
2022-07-01,3825.330078125,26.700000762939453,1.06,11,Normal
2022-07-05,3831.389892578125,27.540000915527344,0.16,19,Normal
2022-07-06,3845.080078125,26.729999542236328,0.36,18,Normal
2022-07-07,3902.6201171875,26.079999923706055,1.5,18,Normal
2022-07-08,3899.3798828125,24.639999389648438,-0.08,20,Normal
2022-07-11,3854.429931640625,26.170000076293945,-1.15,22,Normal
2022-07-12,3818.800048828125,27.290000915527344,-0.92,16,Normal
2022-07-13,3801.780029296875,26.81999969482422,-0.45,15,Normal
2022-07-14,3790.3798828125,26.399999618530273,-0.3,18,Normal
2022-07-15,3863.159912109375,24.229999542236328,1.92,15,Normal
2022-07-18,3830.85009765625,25.299999237060547,-0.84,20,Normal
2022-07-19,3936.68994140625,24.5,2.76,30,Level_2 (High >2%)
2022-07-20,3959.89990234375,23.8799991607666,0.59,31,Normal
2022-07-21,3998.949951171875,23.110000610351562,0.99,34,Normal
2022-07-22,3961.6298828125,23.030000686645508,-0.93,33,Normal
2022-07-25,3966.840087890625,23.360000610351562,0.13,30,Normal
2022-07-26,3921.050048828125,24.690000534057617,-1.15,26,Normal
2022-07-27,4023.610107421875,23.239999771118164,2.62,28,Level_2 (High >2%)
2022-07-28,4072.429931640625,22.329999923706055,1.21,32,Normal
2022-07-29,4130.2900390625,21.329999923706055,1.42,39,Normal
2022-08-01,4118.6298828125,22.84000015258789,-0.28,33,Normal
2022-08-02,4091.18994140625,23.93000030517578,-0.67,31,Normal
2022-08-03,4155.169921875,21.950000762939453,1.56,34,Normal
2022-08-04,4151.93994140625,21.440000534057617,-0.08,30,Normal
2022-08-05,4145.18994140625,21.149999618530273,-0.16,31,Normal
2022-08-08,4140.06005859375,21.290000915527344,-0.12,30,Normal
2022-08-09,4122.47021484375,21.770000457763672,-0.42,42,Normal
2022-08-10,4210.240234375,19.739999771118164,2.13,31,Level_2 (High >2%)
2022-08-11,4207.27001953125,20.200000762939453,-0.07,41,Normal
2022-08-12,4280.14990234375,19.530000686645508,1.73,42,Normal
2022-08-15,4297.14013671875,19.950000762939453,0.4,45,Normal
2022-08-16,4305.2001953125,19.690000534057617,0.19,44,Normal
2022-08-17,4274.0400390625,19.899999618530273,-0.72,41,Normal
2022-08-18,4283.740234375,19.559999465942383,0.23,30,Normal
2022-08-19,4228.47998046875,20.600000381469727,-1.29,33,Normal
2022-08-22,4137.990234375,23.799999237060547,-2.14,29,Level_2 (High >2%)
2022-08-23,4128.72998046875,24.110000610351562,-0.22,28,Normal
2022-08-24,4140.77001953125,22.81999969482422,0.29,25,Normal
2022-08-25,4199.1201171875,21.780000686645508,1.41,25,Normal
2022-08-26,4057.659912109375,25.559999465942383,-3.37,27,Level_3 (Extreme >3%)
2022-08-29,4030.610107421875,26.209999084472656,-0.67,24,Normal
2022-08-30,3986.159912109375,26.209999084472656,-1.1,27,Normal
2022-08-31,3955.0,25.8700008392334,-0.78,23,Normal
2022-09-01,3966.85009765625,25.559999465942383,0.3,20,Normal
2022-09-02,3924.260009765625,25.469999313354492,-1.07,25,Normal
2022-09-06,3908.18994140625,26.90999984741211,-0.41,22,Normal
2022-09-07,3979.8701171875,24.639999389648438,1.83,24,Normal
2022-09-08,4006.179931640625,23.610000610351562,0.66,20,Normal
2022-09-09,4067.360107421875,22.790000915527344,1.53,22,Normal
2022-09-12,4110.41015625,23.8700008392334,1.06,25,Normal
2022-09-13,3932.68994140625,27.270000457763672,-4.32,34,Level_3 (Extreme >3%)
2022-09-14,3946.010009765625,26.15999984741211,0.34,27,Normal
2022-09-15,3901.35009765625,26.270000457763672,-1.13,28,Normal
2022-09-16,3873.330078125,26.299999237060547,-0.72,20,Normal
2022-09-19,3899.889892578125,25.760000228881836,0.69,21,Normal
2022-09-20,3855.929931640625,27.15999984741211,-1.13,23,Normal
2022-09-21,3789.929931640625,27.989999771118164,-1.71,23,Normal
2022-09-22,3757.989990234375,27.350000381469727,-0.84,22,Normal
2022-09-23,3693.22998046875,29.920000076293945,-1.72,20,Normal
2022-09-26,3655.0400390625,32.2599983215332,-1.03,21,Normal
2022-09-27,3647.2900390625,32.599998474121094,-0.21,20,Normal
2022-09-28,3719.0400390625,30.18000030517578,1.97,20,Normal
2022-09-29,3640.469970703125,31.84000015258789,-2.11,22,Level_2 (High >2%)
2022-09-30,3585.6201171875,31.6200008392334,-1.51,21,Normal
2022-10-03,3678.429931640625,30.100000381469727,2.59,24,Level_2 (High >2%)
2022-10-04,3790.929931640625,29.06999969482422,3.06,20,Level_3 (Extreme >3%)
2022-10-05,3783.280029296875,28.549999237060547,-0.2,25,Normal
2022-10-06,3744.52001953125,30.520000457763672,-1.02,26,Normal
2022-10-07,3639.659912109375,31.360000610351562,-2.8,23,Level_2 (High >2%)
2022-10-10,3612.389892578125,32.45000076293945,-0.75,22,Normal
2022-10-11,3588.840087890625,33.630001068115234,-0.65,24,Normal
2022-10-12,3577.030029296875,33.56999969482422,-0.33,20,Normal
2022-10-13,3669.909912109375,31.940000534057617,2.6,20,Level_2 (High >2%)
2022-10-14,3583.070068359375,32.02000045776367,-2.37,24,Level_2 (High >2%)
2022-10-17,3677.949951171875,31.3700008392334,2.65,20,Level_2 (High >2%)
2022-10-18,3719.97998046875,30.5,1.14,22,Normal
2022-10-19,3695.159912109375,30.760000228881836,-0.67,23,Normal
2022-10-20,3665.780029296875,29.979999542236328,-0.8,23,Normal
2022-10-21,3752.75,29.690000534057617,2.37,23,Level_2 (High >2%)
2022-10-24,3797.340087890625,29.850000381469727,1.19,22,Normal
2022-10-25,3859.110107421875,28.459999084472656,1.63,20,Normal
2022-10-26,3830.60009765625,27.280000686645508,-0.74,33,Normal
2022-10-27,3807.300048828125,27.389999389648438,-0.61,32,Normal
2022-10-28,3901.06005859375,25.75,2.46,30,Level_2 (High >2%)
2022-10-31,3871.97998046875,25.8799991607666,-0.75,31,Normal
2022-11-01,3856.10009765625,25.809999465942383,-0.41,30,Normal
2022-11-02,3759.68994140625,25.860000610351562,-2.5,30,Level_2 (High >2%)
2022-11-03,3719.889892578125,25.299999237060547,-1.06,30,Normal
2022-11-04,3770.550048828125,24.549999237060547,1.36,30,Normal
2022-11-07,3806.800048828125,24.350000381469727,0.96,33,Normal
2022-11-08,3828.110107421875,25.540000915527344,0.56,31,Normal
2022-11-09,3748.570068359375,26.09000015258789,-2.08,29,Level_2 (High >2%)
2022-11-10,3956.3701171875,23.530000686645508,5.54,22,Level_3 (Extreme >3%)
2022-11-11,3992.929931640625,22.520000457763672,0.92,25,Normal
2022-11-14,3957.25,23.729999542236328,-0.89,24,Normal
2022-11-15,3991.72998046875,24.540000915527344,0.87,22,Normal
2022-11-16,3958.7900390625,24.110000610351562,-0.83,23,Normal
2022-11-17,3946.56005859375,23.93000030517578,-0.31,20,Normal
2022-11-18,3965.340087890625,23.1200008392334,0.48,23,Normal
2022-11-21,3949.93994140625,22.360000610351562,-0.39,21,Normal
2022-11-22,4003.580078125,21.290000915527344,1.36,22,Normal
2022-11-23,4027.260009765625,20.350000381469727,0.59,22,Normal
2022-11-25,4026.1201171875,20.5,-0.03,20,Normal
2022-11-28,3963.93994140625,22.209999084472656,-1.54,28,Normal
2022-11-29,3957.6298828125,21.889999389648438,-0.16,26,Normal
2022-11-30,4080.110107421875,20.579999923706055,3.09,29,Level_3 (Extreme >3%)
2022-12-01,4076.570068359375,19.84000015258789,-0.09,27,Normal
2022-12-02,4071.699951171875,19.059999465942383,-0.12,27,Normal
2022-12-05,3998.840087890625,20.75,-1.79,26,Normal
2022-12-06,3941.260009765625,22.170000076293945,-1.44,25,Normal
2022-12-07,3933.919921875,22.68000030517578,-0.19,29,Normal
2022-12-08,3963.510009765625,22.290000915527344,0.75,25,Normal
2022-12-09,3934.3798828125,22.829999923706055,-0.73,26,Normal
2022-12-12,3990.56005859375,25.0,1.43,27,Normal
2022-12-13,4019.64990234375,22.549999237060547,0.73,27,Normal
2022-12-14,3995.320068359375,21.139999389648438,-0.61,30,Normal
2022-12-15,3895.75,22.829999923706055,-2.49,31,Level_2 (High >2%)
2022-12-16,3852.360107421875,22.6200008392334,-1.11,29,Normal
2022-12-19,3817.659912109375,22.420000076293945,-0.9,29,Normal
2022-12-20,3821.6201171875,21.479999542236328,0.1,29,Normal
2022-12-21,3878.43994140625,20.06999969482422,1.49,26,Normal
2022-12-22,3822.389892578125,21.969999313354492,-1.45,28,Normal
2022-12-23,3844.820068359375,20.8700008392334,0.59,27,Normal
2022-12-27,3829.25,21.649999618530273,-0.4,27,Normal
2022-12-28,3783.219970703125,22.139999389648438,-1.2,28,Normal
2022-12-29,3849.280029296875,21.440000534057617,1.75,28,Normal
2022-12-30,3839.5,21.670000076293945,-0.25,28,Normal
2023-01-03,3824.139892578125,22.899999618530273,-0.4,26,Normal
2023-01-04,3852.969970703125,22.010000228881836,0.75,29,Normal
2023-01-05,3808.10009765625,22.459999084472656,-1.16,29,Normal
2023-01-06,3895.080078125,21.1299991607666,2.28,26,Level_2 (High >2%)
2023-01-09,3892.090087890625,21.969999313354492,-0.08,25,Normal
2023-01-10,3919.25,20.579999923706055,0.7,26,Normal
2023-01-11,3969.610107421875,21.09000015258789,1.28,26,Normal
2023-01-12,3983.169921875,18.829999923706055,0.34,30,Normal
2023-01-13,3999.090087890625,18.350000381469727,0.4,31,Normal
2023-01-17,3990.969970703125,19.360000610351562,-0.2,51,Normal
2023-01-18,3928.860107421875,20.34000015258789,-1.56,52,Normal
2023-01-19,3898.85009765625,20.520000457763672,-0.76,45,Normal
2023-01-20,3972.610107421875,19.850000381469727,1.89,51,Normal
2023-01-23,4019.81005859375,19.809999465942383,1.19,50,Normal
2023-01-24,4016.949951171875,19.200000762939453,-0.07,52,Normal
2023-01-25,4016.219970703125,19.079999923706055,-0.02,51,Normal
2023-01-26,4060.429931640625,18.729999542236328,1.1,54,Normal
2023-01-27,4070.56005859375,18.510000228881836,0.25,55,Normal
2023-01-30,4017.77001953125,19.940000534057617,-1.3,61,Normal
2023-01-31,4076.60009765625,19.399999618530273,1.46,51,Normal
2023-02-01,4119.2099609375,17.8700008392334,1.05,56,Normal
2023-02-02,4179.759765625,18.729999542236328,1.47,60,Normal
2023-02-03,4136.47998046875,18.329999923706055,-1.04,60,Normal
2023-02-06,4111.080078125,19.43000030517578,-0.61,56,Normal
2023-02-07,4164.0,18.65999984741211,1.29,54,Normal
2023-02-08,4117.85986328125,19.6299991607666,-1.11,58,Normal
2023-02-09,4081.5,20.709999084472656,-0.88,55,Normal
2023-02-10,4090.4599609375,20.530000686645508,0.22,48,Normal
2023-02-13,4137.2900390625,20.34000015258789,1.14,48,Normal
2023-02-14,4136.1298828125,18.90999984741211,-0.03,50,Normal
2023-02-15,4147.60009765625,18.229999542236328,0.28,53,Normal
2023-02-16,4090.409912109375,20.170000076293945,-1.38,62,Normal
2023-02-17,4079.090087890625,20.020000457763672,-0.28,61,Normal
2023-02-21,3997.340087890625,22.8700008392334,-2.0,60,Level_2 (High >2%)
2023-02-22,3991.050048828125,22.290000915527344,-0.16,59,Normal
2023-02-23,4012.320068359375,21.139999389648438,0.53,56,Normal
2023-02-24,3970.0400390625,21.670000076293945,-1.05,53,Normal
2023-02-27,3982.239990234375,20.950000762939453,0.31,50,Normal
2023-02-28,3970.14990234375,20.700000762939453,-0.3,53,Normal
2023-03-01,3951.389892578125,20.579999923706055,-0.47,50,Normal
2023-03-02,3981.35009765625,19.59000015258789,0.76,51,Normal
2023-03-03,4045.639892578125,18.489999771118164,1.61,50,Normal
2023-03-06,4048.419921875,18.610000610351562,0.07,48,Normal
2023-03-07,3986.3701171875,19.59000015258789,-1.53,49,Normal
2023-03-08,3992.010009765625,19.110000610351562,0.14,50,Normal
2023-03-09,3918.320068359375,22.610000610351562,-1.85,44,Normal
2023-03-10,3861.590087890625,24.799999237060547,-1.45,34,Normal
2023-03-13,3855.760009765625,26.520000457763672,-0.15,49,Normal
2023-03-14,3919.2900390625,23.729999542236328,1.65,56,Normal
2023-03-15,3891.929931640625,26.139999389648438,-0.7,50,Normal
2023-03-16,3960.280029296875,22.989999771118164,1.76,52,Normal
2023-03-17,3916.639892578125,25.510000228881836,-1.1,51,Normal
2023-03-20,3951.570068359375,24.149999618530273,0.89,66,Normal
2023-03-21,4002.8701171875,21.3799991607666,1.3,68,Normal
2023-03-22,3936.969970703125,22.260000228881836,-1.65,62,Normal
2023-03-23,3948.719970703125,22.610000610351562,0.3,57,Normal
2023-03-24,3970.989990234375,21.739999771118164,0.56,61,Normal
2023-03-27,3977.530029296875,20.600000381469727,0.16,64,Normal
2023-03-28,3971.27001953125,19.969999313354492,-0.16,59,Normal
2023-03-29,4027.81005859375,19.1200008392334,1.42,57,Normal
2023-03-30,4050.830078125,19.020000457763672,0.57,60,Normal
2023-03-31,4109.31005859375,18.700000762939453,1.44,63,Normal
2023-04-03,4124.509765625,18.549999237060547,0.37,63,Normal
2023-04-04,4100.60009765625,19.0,-0.58,62,Normal
2023-04-05,4090.3798828125,19.079999923706055,-0.25,62,Normal
2023-04-06,4105.02001953125,18.399999618530273,0.36,63,Normal
2023-04-10,4109.10986328125,18.969999313354492,0.1,62,Normal
2023-04-11,4108.93994140625,19.100000381469727,-0.0,68,Normal
2023-04-12,4091.949951171875,19.09000015258789,-0.41,65,Normal
2023-04-13,4146.22021484375,17.799999237060547,1.33,61,Normal
2023-04-14,4137.64013671875,17.06999969482422,-0.21,68,Normal
2023-04-17,4151.31982421875,16.950000762939453,0.33,69,Normal
2023-04-18,4154.8701171875,16.829999923706055,0.09,58,Normal
2023-04-19,4154.52001953125,16.459999084472656,-0.01,63,Normal
2023-04-20,4129.7900390625,17.170000076293945,-0.6,52,Normal
2023-04-21,4133.52001953125,16.770000457763672,0.09,50,Normal
2023-04-24,4137.0400390625,16.889999389648438,0.09,53,Normal
2023-04-25,4071.6298828125,18.760000228881836,-1.58,53,Normal
2023-04-26,4055.989990234375,18.84000015258789,-0.38,56,Normal
2023-04-27,4135.35009765625,17.030000686645508,1.96,59,Normal
2023-04-28,4169.47998046875,15.779999732971191,0.83,64,Normal
2023-05-01,4167.8701171875,16.079999923706055,-0.04,63,Normal
2023-05-02,4119.580078125,17.780000686645508,-1.16,55,Normal
2023-05-03,4090.75,18.34000015258789,-0.7,64,Normal
2023-05-04,4061.219970703125,20.09000015258789,-0.72,64,Normal
2023-05-05,4136.25,17.190000534057617,1.85,61,Normal
2023-05-08,4138.1201171875,16.979999542236328,0.05,60,Normal
2023-05-09,4119.169921875,17.709999084472656,-0.46,51,Normal
2023-05-10,4137.64013671875,16.940000534057617,0.45,52,Normal
2023-05-11,4130.6201171875,16.93000030517578,-0.17,52,Normal
2023-05-12,4124.080078125,17.030000686645508,-0.16,49,Normal
2023-05-15,4136.27978515625,17.1200008392334,0.3,50,Normal
2023-05-16,4109.89990234375,17.989999771118164,-0.64,54,Normal
2023-05-17,4158.77001953125,16.8700008392334,1.19,50,Normal
2023-05-18,4198.0498046875,16.049999237060547,0.94,51,Normal
2023-05-19,4191.97998046875,16.809999465942383,-0.14,48,Normal
2023-05-22,4192.6298828125,17.209999084472656,0.02,49,Normal
2023-05-23,4145.580078125,18.530000686645508,-1.12,50,Normal
2023-05-24,4115.240234375,20.030000686645508,-0.73,50,Normal
2023-05-25,4151.27978515625,19.139999389648438,0.88,51,Normal
2023-05-26,4205.4501953125,17.950000762939453,1.3,49,Normal
2023-05-30,4205.52001953125,17.459999084472656,0.0,51,Normal
2023-05-31,4179.830078125,17.940000534057617,-0.61,51,Normal
2023-06-01,4221.02001953125,15.649999618530273,0.99,52,Normal
2023-06-02,4282.3701171875,14.600000381469727,1.45,50,Normal
2023-06-05,4273.7900390625,14.729999542236328,-0.2,53,Normal
2023-06-06,4283.85009765625,13.960000038146973,0.24,44,Normal
2023-06-07,4267.52001953125,13.9399995803833,-0.38,53,Normal
2023-06-08,4293.93017578125,13.649999618530273,0.62,50,Normal
2023-06-09,4298.85986328125,13.829999923706055,0.11,50,Normal
2023-06-12,4338.93017578125,15.010000228881836,0.93,47,Normal
2023-06-13,4369.009765625,14.609999656677246,0.69,45,Normal
2023-06-14,4372.58984375,13.880000114440918,0.08,46,Normal
2023-06-15,4425.83984375,14.5,1.22,41,Normal
2023-06-16,4409.58984375,13.539999961853027,-0.37,47,Normal
2023-06-20,4388.7099609375,13.880000114440918,-0.47,49,Normal
2023-06-21,4365.68994140625,13.199999809265137,-0.52,59,Normal
2023-06-22,4381.89013671875,12.90999984741211,0.37,65,Normal
2023-06-23,4348.330078125,13.4399995803833,-0.77,65,Normal
2023-06-26,4328.81982421875,14.25,-0.45,55,Normal
2023-06-27,4378.41015625,13.739999771118164,1.15,59,Normal
2023-06-28,4376.85986328125,13.430000305175781,-0.04,62,Normal
2023-06-29,4396.43994140625,13.539999961853027,0.45,54,Normal
2023-06-30,4450.3798828125,13.59000015258789,1.23,56,Normal
2023-07-03,4455.58984375,13.569999694824219,0.12,62,Normal
2023-07-05,4446.81982421875,14.180000305175781,-0.2,61,Normal
2023-07-06,4411.58984375,15.4399995803833,-0.79,56,Normal
2023-07-07,4398.9501953125,14.829999923706055,-0.29,55,Normal
2023-07-10,4409.52978515625,15.069999694824219,0.24,56,Normal
2023-07-11,4439.259765625,14.84000015258789,0.67,57,Normal
2023-07-12,4472.16015625,13.539999961853027,0.74,64,Normal
2023-07-13,4510.0400390625,13.609999656677246,0.85,57,Normal
2023-07-14,4505.419921875,13.34000015258789,-0.1,60,Normal
2023-07-17,4522.7900390625,13.479999542236328,0.39,54,Normal
2023-07-18,4554.97998046875,13.300000190734863,0.71,56,Normal
2023-07-19,4565.72021484375,13.760000228881836,0.24,50,Normal
2023-07-20,4534.8701171875,13.989999771118164,-0.68,56,Normal
2023-07-21,4536.33984375,13.600000381469727,0.03,50,Normal
2023-07-24,4554.64013671875,13.90999984741211,0.4,55,Normal
2023-07-25,4567.4599609375,13.859999656677246,0.28,50,Normal
2023-07-26,4566.75,13.1899995803833,-0.02,51,Normal
2023-07-27,4537.41015625,14.40999984741211,-0.64,51,Normal
2023-07-28,4582.22998046875,13.329999923706055,0.99,52,Normal
2023-07-31,4588.9599609375,13.630000114440918,0.15,50,Normal
2023-08-01,4576.72998046875,13.930000305175781,-0.27,53,Normal
2023-08-02,4513.39013671875,16.09000015258789,-1.38,53,Normal
2023-08-03,4501.89013671875,15.920000076293945,-0.25,52,Normal
2023-08-04,4478.02978515625,17.100000381469727,-0.53,54,Normal
2023-08-07,4518.43994140625,15.770000457763672,0.9,49,Normal
2023-08-08,4499.3798828125,15.989999771118164,-0.42,54,Normal
2023-08-09,4467.7099609375,15.960000038146973,-0.7,50,Normal
2023-08-10,4468.830078125,15.850000381469727,0.03,53,Normal
2023-08-11,4464.0498046875,14.84000015258789,-0.11,51,Normal
2023-08-14,4489.72021484375,14.819999694824219,0.58,50,Normal
2023-08-15,4437.85986328125,16.459999084472656,-1.16,53,Normal
2023-08-16,4404.330078125,16.780000686645508,-0.76,52,Normal
2023-08-17,4370.35986328125,17.889999389648438,-0.77,50,Normal
2023-08-18,4369.7099609375,17.299999237060547,-0.01,37,Normal
2023-08-21,4399.77001953125,17.1299991607666,0.69,38,Normal
2023-08-22,4387.5498046875,16.969999313354492,-0.28,37,Normal
2023-08-23,4436.009765625,15.979999542236328,1.1,37,Normal
2023-08-24,4376.31005859375,17.200000762939453,-1.35,41,Normal
2023-08-25,4405.7099609375,15.680000305175781,0.67,39,Normal
2023-08-28,4433.31005859375,15.079999923706055,0.63,39,Normal
2023-08-29,4497.6298828125,14.449999809265137,1.45,39,Normal
2023-08-30,4514.8701171875,13.880000114440918,0.38,49,Normal
2023-08-31,4507.66015625,13.569999694824219,-0.16,52,Normal
2023-09-01,4515.77001953125,13.09000015258789,0.18,40,Normal
2023-09-05,4496.830078125,14.010000228881836,-0.42,40,Normal
2023-09-06,4465.47998046875,14.449999809265137,-0.7,42,Normal
2023-09-07,4451.14013671875,14.399999618530273,-0.32,41,Normal
2023-09-08,4457.490234375,13.84000015258789,0.14,46,Normal
2023-09-11,4487.4599609375,13.800000190734863,0.67,40,Normal
2023-09-12,4461.89990234375,14.229999542236328,-0.57,30,Normal
2023-09-13,4467.43994140625,13.479999542236328,0.12,41,Normal
2023-09-14,4505.10009765625,12.819999694824219,0.84,45,Normal
2023-09-15,4450.31982421875,13.789999961853027,-1.22,45,Normal
2023-09-18,4453.52978515625,14.0,0.07,46,Normal
2023-09-19,4443.9501953125,14.109999656677246,-0.22,46,Normal
2023-09-20,4402.2001953125,15.140000343322754,-0.94,47,Normal
2023-09-21,4330.0,17.540000915527344,-1.64,47,Normal
2023-09-22,4320.06005859375,17.200000762939453,-0.23,43,Normal
2023-09-25,4337.43994140625,16.899999618530273,0.4,47,Normal
2023-09-26,4273.52978515625,18.940000534057617,-1.47,46,Normal
2023-09-27,4274.509765625,18.219999313354492,0.02,44,Normal
2023-09-28,4299.7001953125,17.34000015258789,0.59,46,Normal
2023-09-29,4288.0498046875,17.520000457763672,-0.27,48,Normal
2023-10-02,4288.39013671875,17.610000610351562,0.01,50,Normal
2023-10-03,4229.4501953125,19.780000686645508,-1.37,50,Normal
2023-10-04,4263.75,18.579999923706055,0.81,49,Normal
2023-10-05,4258.18994140625,18.489999771118164,-0.13,48,Normal
2023-10-06,4308.5,17.450000762939453,1.18,50,Normal
2023-10-09,4335.66015625,17.700000762939453,0.63,50,Normal
2023-10-10,4358.240234375,17.030000686645508,0.52,50,Normal
2023-10-11,4376.9501953125,16.09000015258789,0.43,47,Normal
2023-10-12,4349.60986328125,16.690000534057617,-0.62,45,Normal
2023-10-13,4327.77978515625,19.31999969482422,-0.5,44,Normal
2023-10-16,4373.6298828125,17.209999084472656,1.06,47,Normal
2023-10-17,4373.2001953125,17.8799991607666,-0.01,52,Normal
2023-10-18,4314.60009765625,19.219999313354492,-1.34,50,Normal
2023-10-19,4278.0,21.399999618530273,-0.85,52,Normal
2023-10-20,4224.16015625,21.709999084472656,-1.26,53,Normal
2023-10-23,4217.0400390625,20.3700008392334,-0.17,53,Normal
2023-10-24,4247.68017578125,18.969999313354492,0.73,66,Normal
2023-10-25,4186.77001953125,20.190000534057617,-1.43,72,Normal
2023-10-26,4137.22998046875,20.68000030517578,-1.18,71,Normal
2023-10-27,4117.3701171875,21.270000457763672,-0.48,70,Normal
2023-10-30,4166.81982421875,19.75,1.2,68,Normal
2023-10-31,4193.7998046875,18.139999389648438,0.65,66,Normal
2023-11-01,4237.85986328125,16.8700008392334,1.05,66,Normal
2023-11-02,4317.77978515625,15.65999984741211,1.89,72,Normal
2023-11-03,4358.33984375,14.90999984741211,0.94,65,Normal
2023-11-06,4365.97998046875,14.890000343322754,0.18,74,Normal
2023-11-07,4378.3798828125,14.8100004196167,0.28,68,Normal
2023-11-08,4382.77978515625,14.449999809265137,0.1,66,Normal
2023-11-09,4347.35009765625,15.289999961853027,-0.81,69,Normal
2023-11-10,4415.240234375,14.170000076293945,1.56,70,Normal
2023-11-13,4411.5498046875,14.760000228881836,-0.08,72,Normal
2023-11-14,4495.7001953125,14.15999984741211,1.91,69,Normal
2023-11-15,4502.8798828125,14.180000305175781,0.16,60,Normal
2023-11-16,4508.240234375,14.319999694824219,0.12,70,Normal
2023-11-17,4514.02001953125,13.800000190734863,0.13,63,Normal
2023-11-20,4547.3798828125,13.40999984741211,0.74,69,Normal
2023-11-21,4538.18994140625,13.350000381469727,-0.2,71,Normal
2023-11-22,4556.6201171875,12.850000381469727,0.41,62,Normal
2023-11-24,4559.33984375,12.460000038146973,0.06,66,Normal
2023-11-27,4550.43017578125,12.6899995803833,-0.2,66,Normal
2023-11-28,4554.89013671875,12.6899995803833,0.1,68,Normal
2023-11-29,4550.580078125,12.979999542236328,-0.09,72,Normal
2023-11-30,4567.7998046875,12.920000076293945,0.38,74,Normal
2023-12-01,4594.6298828125,12.630000114440918,0.59,71,Normal
2023-12-04,4569.77978515625,13.079999923706055,-0.54,74,Normal
2023-12-05,4567.18017578125,12.850000381469727,-0.06,75,Normal
2023-12-06,4549.33984375,12.970000267028809,-0.39,72,Normal
2023-12-07,4585.58984375,13.0600004196167,0.8,72,Normal
2023-12-08,4604.3701171875,12.350000381469727,0.41,72,Normal
2023-12-11,4622.43994140625,12.630000114440918,0.39,74,Normal
2023-12-12,4643.7001953125,12.069999694824219,0.46,67,Normal
2023-12-13,4707.08984375,12.1899995803833,1.37,65,Normal
2023-12-14,4719.5498046875,12.479999542236328,0.26,72,Normal
2023-12-15,4719.18994140625,12.279999732971191,-0.01,70,Normal
2023-12-18,4740.56005859375,12.5600004196167,0.45,65,Normal
2023-12-19,4768.3701171875,12.529999732971191,0.59,73,Normal
2023-12-20,4698.35009765625,13.670000076293945,-1.47,74,Normal
2023-12-21,4746.75,13.649999618530273,1.03,70,Normal
2023-12-22,4754.6298828125,13.029999732971191,0.17,74,Normal
2023-12-26,4774.75,12.989999771118164,0.42,71,Normal
2023-12-27,4781.580078125,12.430000305175781,0.14,73,Normal
2023-12-28,4783.35009765625,12.470000267028809,0.04,73,Normal
2023-12-29,4769.830078125,12.449999809265137,-0.28,65,Normal
2024-01-02,4742.830078125,13.199999809265137,-0.57,71,Normal
2024-01-03,4704.81005859375,14.039999961853027,-0.8,70,Normal
2024-01-04,4688.68017578125,14.130000114440918,-0.34,68,Normal
2024-01-05,4697.240234375,13.350000381469727,0.18,72,Normal
2024-01-08,4763.5400390625,13.079999923706055,1.41,71,Normal
2024-01-09,4756.5,12.760000228881836,-0.15,76,Normal
2024-01-10,4783.4501953125,12.6899995803833,0.57,73,Normal
2024-01-11,4780.240234375,12.4399995803833,-0.07,76,Normal
2024-01-12,4783.830078125,12.699999809265137,0.08,71,Normal
2024-01-16,4765.97998046875,13.84000015258789,-0.37,64,Normal
2024-01-17,4739.2099609375,14.789999961853027,-0.56,60,Normal
2024-01-18,4780.93994140625,14.130000114440918,0.88,63,Normal
2024-01-19,4839.81005859375,13.300000190734863,1.23,51,Normal
2024-01-22,4850.43017578125,13.1899995803833,0.22,55,Normal
2024-01-23,4864.60009765625,12.550000190734863,0.29,50,Normal
2024-01-24,4868.5498046875,13.140000343322754,0.08,48,Normal
2024-01-25,4894.16015625,13.449999809265137,0.53,52,Normal
2024-01-26,4890.97021484375,13.260000228881836,-0.07,49,Normal
2024-01-29,4927.93017578125,13.600000381469727,0.76,55,Normal
2024-01-30,4924.97021484375,13.3100004196167,-0.06,61,Normal
2024-01-31,4845.64990234375,14.350000381469727,-1.61,60,Normal
2024-02-01,4906.18994140625,13.880000114440918,1.25,63,Normal
2024-02-02,4958.60986328125,13.850000381469727,1.07,63,Normal
2024-02-05,4942.81005859375,13.670000076293945,-0.32,60,Normal
2024-02-06,4954.22998046875,13.0600004196167,0.23,64,Normal
2024-02-07,4995.06005859375,12.829999923706055,0.82,62,Normal
2024-02-08,4997.91015625,12.789999961853027,0.06,66,Normal
2024-02-09,5026.60986328125,12.930000305175781,0.57,72,Normal
2024-02-12,5021.83984375,13.930000305175781,-0.09,70,Normal
2024-02-13,4953.169921875,15.850000381469727,-1.37,79,Normal
2024-02-14,5000.6201171875,14.380000114440918,0.96,74,Normal
2024-02-15,5029.72998046875,14.010000228881836,0.58,72,Normal
2024-02-16,5005.56982421875,14.239999771118164,-0.48,72,Normal
2024-02-20,4975.509765625,15.420000076293945,-0.6,72,Normal
2024-02-21,4981.7998046875,15.34000015258789,0.13,78,Normal
2024-02-22,5087.02978515625,14.539999961853027,2.11,74,Level_2 (High >2%)
2024-02-23,5088.7998046875,13.75,0.03,76,Normal
2024-02-26,5069.52978515625,13.739999771118164,-0.38,72,Normal
2024-02-27,5078.18017578125,13.430000305175781,0.17,79,Normal
2024-02-28,5069.759765625,13.84000015258789,-0.17,82,Normal
2024-02-29,5096.27001953125,13.399999618530273,0.52,80,Normal
2024-03-01,5137.080078125,13.109999656677246,0.8,80,Normal
2024-03-04,5130.9501953125,13.489999771118164,-0.12,82,Normal
2024-03-05,5078.64990234375,14.460000038146973,-1.02,90,Normal
2024-03-06,5104.759765625,14.5,0.51,75,Normal
2024-03-07,5157.35986328125,14.4399995803833,1.03,82,Normal
2024-03-08,5123.68994140625,14.739999771118164,-0.65,81,Normal
2024-03-11,5117.93994140625,15.220000267028809,-0.11,82,Normal
2024-03-12,5175.27001953125,13.84000015258789,1.12,81,Normal
2024-03-13,5165.31005859375,13.75,-0.19,81,Normal
2024-03-14,5150.47998046875,14.399999618530273,-0.29,88,Normal
2024-03-15,5117.08984375,14.40999984741211,-0.65,83,Normal
2024-03-18,5149.419921875,14.329999923706055,0.63,77,Normal
2024-03-19,5178.509765625,13.819999694824219,0.56,79,Normal
2024-03-20,5224.6201171875,13.039999961853027,0.89,74,Normal
2024-03-21,5241.52978515625,12.920000076293945,0.32,78,Normal
2024-03-22,5234.18017578125,13.0600004196167,-0.14,75,Normal
2024-03-25,5218.18994140625,13.1899995803833,-0.31,75,Normal
2024-03-26,5203.580078125,13.239999771118164,-0.28,81,Normal
2024-03-27,5248.490234375,12.779999732971191,0.86,83,Normal
2024-03-28,5254.35009765625,13.010000228881836,0.11,80,Normal
2024-04-01,5243.77001953125,13.649999618530273,-0.2,79,Normal
2024-04-02,5205.81005859375,14.609999656677246,-0.72,79,Normal
2024-04-03,5211.490234375,14.329999923706055,0.11,71,Normal
2024-04-04,5147.2099609375,16.350000381469727,-1.23,70,Normal
2024-04-05,5204.33984375,16.030000686645508,1.11,79,Normal
2024-04-08,5202.39013671875,15.1899995803833,-0.04,76,Normal
2024-04-09,5209.91015625,14.979999542236328,0.14,80,Normal
2024-04-10,5160.64013671875,15.800000190734863,-0.95,78,Normal
2024-04-11,5199.06005859375,14.90999984741211,0.74,76,Normal
2024-04-12,5123.41015625,17.309999465942383,-1.46,79,Normal
2024-04-15,5061.81982421875,19.229999542236328,-1.2,74,Normal
2024-04-16,5051.41015625,18.399999618530273,-0.21,65,Normal
2024-04-17,5022.2099609375,18.209999084472656,-0.58,67,Normal
2024-04-18,5011.1201171875,18.0,-0.22,57,Normal
2024-04-19,4967.22998046875,18.709999084472656,-0.88,66,Normal
2024-04-22,5010.60009765625,16.940000534057617,0.87,73,Normal
2024-04-23,5070.5498046875,15.6899995803833,1.2,71,Normal
2024-04-24,5071.6298828125,15.970000267028809,0.02,72,Normal
2024-04-25,5048.419921875,15.369999885559082,-0.46,72,Normal
2024-04-26,5099.9599609375,15.029999732971191,1.02,70,Normal
2024-04-29,5116.169921875,14.670000076293945,0.32,67,Normal
2024-04-30,5035.68994140625,15.649999618530273,-1.57,67,Normal
2024-05-01,5018.39013671875,15.390000343322754,-0.34,54,Normal
2024-05-02,5064.2001953125,14.680000305175781,0.91,43,Normal
2024-05-03,5127.7900390625,13.489999771118164,1.26,48,Normal
2024-05-06,5180.740234375,13.489999771118164,1.03,71,Normal
2024-05-07,5187.7001953125,13.229999542236328,0.13,68,Normal
2024-05-08,5187.669921875,13.0,-0.0,64,Normal
2024-05-09,5214.080078125,12.6899995803833,0.51,55,Normal
2024-05-10,5222.68017578125,12.550000190734863,0.16,66,Normal
2024-05-13,5221.419921875,13.600000381469727,-0.02,57,Normal
2024-05-14,5246.68017578125,13.420000076293945,0.48,66,Normal
2024-05-15,5308.14990234375,12.449999809265137,1.17,64,Normal
2024-05-16,5297.10009765625,12.420000076293945,-0.21,70,Normal
2024-05-17,5303.27001953125,11.989999771118164,0.12,74,Normal
2024-05-20,5308.1298828125,12.149999618530273,0.09,70,Normal
2024-05-21,5321.41015625,11.859999656677246,0.25,76,Normal
2024-05-22,5307.009765625,12.289999961853027,-0.27,76,Normal
2024-05-23,5267.83984375,12.770000457763672,-0.74,76,Normal
2024-05-24,5304.72021484375,11.930000305175781,0.7,74,Normal
2024-05-28,5306.0400390625,12.920000076293945,0.02,72,Normal
2024-05-29,5266.9501953125,14.279999732971191,-0.74,72,Normal
2024-05-30,5235.47998046875,14.470000267028809,-0.6,73,Normal
2024-05-31,5277.509765625,12.920000076293945,0.8,73,Normal
2024-06-03,5283.39990234375,13.109999656677246,0.11,73,Normal
2024-06-04,5291.33984375,13.15999984741211,0.15,73,Normal
2024-06-05,5354.02978515625,12.630000114440918,1.18,75,Normal
2024-06-06,5352.9599609375,12.579999923706055,-0.02,78,Normal
2024-06-07,5346.990234375,12.220000267028809,-0.11,77,Normal
2024-06-10,5360.7900390625,12.739999771118164,0.26,72,Normal
2024-06-11,5375.31982421875,12.850000381469727,0.27,74,Normal
2024-06-12,5421.02978515625,12.039999961853027,0.85,72,Normal
2024-06-13,5433.740234375,11.9399995803833,0.23,70,Normal
2024-06-14,5431.60009765625,12.65999984741211,-0.04,74,Normal
2024-06-17,5473.22998046875,12.75,0.77,71,Normal
2024-06-18,5487.02978515625,12.300000190734863,0.25,74,Normal
2024-06-20,5473.169921875,13.279999732971191,-0.25,60,Normal
2024-06-21,5464.6201171875,13.199999809265137,-0.16,63,Normal
2024-06-24,5447.8701171875,13.329999923706055,-0.31,51,Normal
2024-06-25,5469.2998046875,12.84000015258789,0.39,30,Normal
2024-06-26,5477.89990234375,12.550000190734863,0.16,46,Normal
2024-06-27,5482.8701171875,12.239999771118164,0.09,40,Normal
2024-06-28,5460.47998046875,12.4399995803833,-0.41,47,Normal
2024-07-01,5475.08984375,12.220000267028809,0.27,53,Normal
2024-07-02,5509.009765625,12.029999732971191,0.62,51,Normal
2024-07-03,5537.02001953125,12.09000015258789,0.51,50,Normal
2024-07-05,5567.18994140625,12.479999542236328,0.54,29,Normal
2024-07-08,5572.85009765625,12.369999885559082,0.1,28,Normal
2024-07-09,5576.97998046875,12.510000228881836,0.07,27,Normal
2024-07-10,5633.91015625,12.850000381469727,1.02,28,Normal
2024-07-11,5584.5400390625,12.920000076293945,-0.88,29,Normal
2024-07-12,5615.35009765625,12.460000038146973,0.55,25,Normal
2024-07-15,5631.22021484375,13.119999885559082,0.28,52,Normal
2024-07-16,5667.2001953125,13.1899995803833,0.64,65,Normal
2024-07-17,5588.27001953125,14.479999542236328,-1.39,69,Normal
2024-07-18,5544.58984375,15.930000305175781,-0.78,61,Normal
2024-07-19,5505.0,16.520000457763672,-0.71,60,Normal
2024-07-22,5564.41015625,14.90999984741211,1.08,70,Normal
2024-07-23,5555.740234375,14.720000267028809,-0.16,71,Normal
2024-07-24,5427.1298828125,18.040000915527344,-2.31,69,Level_2 (High >2%)
2024-07-25,5399.22021484375,18.459999084472656,-0.51,68,Normal
2024-07-26,5459.10009765625,16.389999389648438,1.11,68,Normal
2024-07-29,5463.5400390625,16.600000381469727,0.08,74,Normal
2024-07-30,5436.43994140625,17.690000534057617,-0.5,67,Normal
2024-07-31,5522.2998046875,16.360000610351562,1.58,61,Normal
2024-08-01,5446.68017578125,18.59000015258789,-1.37,52,Normal
2024-08-02,5346.56005859375,23.389999389648438,-1.84,57,Normal
2024-08-05,5186.330078125,38.56999969482422,-3.0,26,Level_3 (Extreme >3%)
2024-08-06,5240.02978515625,27.709999084472656,1.04,17,Normal
2024-08-07,5199.5,27.850000381469727,-0.77,29,Normal
2024-08-08,5319.31005859375,23.790000915527344,2.3,20,Level_2 (High >2%)
2024-08-09,5344.16015625,20.3700008392334,0.47,48,Normal
2024-08-12,5344.39013671875,20.709999084472656,0.0,25,Normal
2024-08-13,5434.43017578125,18.1200008392334,1.68,31,Normal
2024-08-14,5455.2099609375,16.190000534057617,0.38,30,Normal
2024-08-15,5543.22021484375,15.229999542236328,1.61,29,Normal
2024-08-16,5554.25,14.800000190734863,0.2,27,Normal
2024-08-19,5608.25,14.649999618530273,0.97,28,Normal
2024-08-20,5597.1201171875,15.880000114440918,-0.2,30,Normal
2024-08-21,5620.85009765625,16.270000457763672,0.42,26,Normal
2024-08-22,5570.64013671875,17.549999237060547,-0.89,39,Normal
2024-08-23,5634.60986328125,15.859999656677246,1.15,34,Normal
2024-08-26,5616.83984375,16.149999618530273,-0.32,55,Normal
2024-08-27,5625.7998046875,15.430000305175781,0.16,48,Normal
2024-08-28,5592.18017578125,17.110000610351562,-0.6,30,Normal
2024-08-29,5591.9599609375,15.649999618530273,-0.0,29,Normal
2024-08-30,5648.39990234375,15.0,1.01,34,Normal
2024-09-03,5528.93017578125,20.719999313354492,-2.12,26,Level_2 (High >2%)
2024-09-04,5520.06982421875,21.31999969482422,-0.16,27,Normal
2024-09-05,5503.41015625,19.899999618530273,-0.3,29,Normal
2024-09-06,5408.419921875,22.3799991607666,-1.73,22,Normal
2024-09-09,5471.0498046875,19.450000762939453,1.16,26,Normal
2024-09-10,5495.52001953125,19.079999923706055,0.45,33,Normal
2024-09-11,5554.1298828125,17.690000534057617,1.07,37,Normal
2024-09-12,5595.759765625,17.06999969482422,0.75,31,Normal
2024-09-13,5626.02001953125,16.559999465942383,0.54,32,Normal
2024-09-16,5633.08984375,17.139999389648438,0.13,39,Normal
2024-09-17,5634.580078125,17.610000610351562,0.03,33,Normal
2024-09-18,5618.259765625,18.229999542236328,-0.29,45,Normal
2024-09-19,5713.64013671875,16.329999923706055,1.7,49,Normal
2024-09-20,5702.5498046875,16.149999618530273,-0.19,54,Normal
2024-09-23,5718.56982421875,15.890000343322754,0.28,50,Normal
2024-09-24,5732.93017578125,15.390000343322754,0.25,54,Normal
2024-09-25,5722.259765625,15.40999984741211,-0.19,59,Normal
2024-09-26,5745.3701171875,15.369999885559082,0.4,50,Normal
2024-09-27,5738.169921875,16.959999084472656,-0.13,61,Normal
2024-09-30,5762.47998046875,16.729999542236328,0.42,61,Normal
2024-10-01,5708.75,19.260000228881836,-0.93,50,Normal
2024-10-02,5709.5400390625,18.899999618530273,0.01,42,Normal
2024-10-03,5699.93994140625,20.489999771118164,-0.17,37,Normal
2024-10-04,5751.06982421875,19.209999084472656,0.9,41,Normal
2024-10-07,5695.93994140625,22.639999389648438,-0.96,50,Normal
2024-10-08,5751.1298828125,21.420000076293945,0.97,49,Normal
2024-10-09,5792.0400390625,20.860000610351562,0.71,49,Normal
2024-10-10,5780.0498046875,20.93000030517578,-0.21,39,Normal
2024-10-11,5815.02978515625,20.459999084472656,0.61,32,Normal
2024-10-14,5859.85009765625,19.700000762939453,0.77,48,Normal
2024-10-15,5815.259765625,20.639999389648438,-0.76,65,Normal
2024-10-16,5842.47021484375,19.579999923706055,0.47,73,Normal
2024-10-17,5841.47021484375,19.110000610351562,-0.02,71,Normal
2024-10-18,5864.669921875,18.030000686645508,0.4,73,Normal
2024-10-21,5853.97998046875,18.3700008392334,-0.18,72,Normal
2024-10-22,5851.2001953125,18.200000762939453,-0.05,70,Normal
2024-10-23,5797.419921875,19.239999771118164,-0.92,71,Normal
2024-10-24,5809.85986328125,19.079999923706055,0.21,69,Normal
2024-10-25,5808.1201171875,20.329999923706055,-0.03,72,Normal
2024-10-28,5823.52001953125,19.799999237060547,0.27,72,Normal
2024-10-29,5832.919921875,19.34000015258789,0.16,72,Normal
2024-10-30,5813.669921875,20.350000381469727,-0.33,77,Normal
2024-10-31,5705.4501953125,23.15999984741211,-1.86,77,Normal
2024-11-01,5728.7998046875,21.8799991607666,0.41,75,Normal
2024-11-04,5712.68994140625,21.979999542236328,-0.28,70,Normal
2024-11-05,5782.759765625,20.489999771118164,1.23,70,Normal
2024-11-06,5929.0400390625,16.270000457763672,2.53,70,Level_2 (High >2%)
2024-11-07,5973.10009765625,15.199999809265137,0.74,77,Normal
2024-11-08,5995.5400390625,14.9399995803833,0.38,75,Normal
2024-11-11,6001.35009765625,14.970000267028809,0.1,76,Normal
2024-11-12,5983.990234375,14.710000038146973,-0.29,80,Normal
2024-11-13,5985.3798828125,14.020000457763672,0.02,84,Normal
2024-11-14,5949.169921875,14.3100004196167,-0.6,88,Normal
2024-11-15,5870.6201171875,16.139999389648438,-1.32,80,Normal
2024-11-18,5893.6201171875,15.579999923706055,0.39,83,Normal
2024-11-19,5916.97998046875,16.350000381469727,0.4,90,Normal
2024-11-20,5917.10986328125,17.15999984741211,0.0,83,Normal
2024-11-21,5948.7099609375,16.8700008392334,0.53,82,Normal
2024-11-22,5969.33984375,15.239999771118164,0.35,94,Normal
2024-11-25,5987.3701171875,14.600000381469727,0.3,82,Normal
2024-11-26,6021.6298828125,14.100000381469727,0.57,79,Normal
2024-11-27,5998.740234375,14.100000381469727,-0.38,75,Normal
2024-11-29,6032.3798828125,13.510000228881836,0.56,78,Normal
2024-12-02,6047.14990234375,13.34000015258789,0.24,80,Normal
2024-12-03,6049.8798828125,13.300000190734863,0.05,76,Normal
2024-12-04,6086.490234375,13.449999809265137,0.61,78,Normal
2024-12-05,6075.10986328125,13.539999961853027,-0.19,84,Normal
2024-12-06,6090.27001953125,12.770000457763672,0.25,72,Normal
2024-12-09,6052.85009765625,14.1899995803833,-0.61,78,Normal
2024-12-10,6034.91015625,14.180000305175781,-0.3,78,Normal
2024-12-11,6084.18994140625,13.579999923706055,0.82,74,Normal
2024-12-12,6051.25,13.920000076293945,-0.54,83,Normal
2024-12-13,6051.08984375,13.8100004196167,-0.0,76,Normal
2024-12-16,6074.080078125,14.6899995803833,0.38,83,Normal
2024-12-17,6050.60986328125,15.869999885559082,-0.39,87,Normal
2024-12-18,5872.16015625,27.6200008392334,-2.95,81,Level_2 (High >2%)
2024-12-19,5867.080078125,24.09000015258789,-0.09,75,Normal
2024-12-20,5930.85009765625,18.360000610351562,1.09,74,Normal
2024-12-23,5974.06982421875,16.780000686645508,0.73,70,Normal
2024-12-24,6040.0400390625,14.270000457763672,1.1,73,Normal
2024-12-26,6037.58984375,14.729999542236328,-0.04,79,Normal
2024-12-27,5970.83984375,15.949999809265137,-1.11,74,Normal
2024-12-30,5906.93994140625,17.399999618530273,-1.07,65,Normal
2024-12-31,5881.6298828125,17.350000381469727,-0.43,64,Normal
2025-01-02,5868.5498046875,17.93000030517578,-0.22,70,Normal
2025-01-03,5942.47021484375,16.1299991607666,1.26,74,Normal
2025-01-06,5975.3798828125,16.040000915527344,0.55,76,Normal
2025-01-07,5909.02978515625,17.81999969482422,-1.11,78,Normal
2025-01-08,5918.25,17.700000762939453,0.16,70,Normal
2025-01-10,5827.0400390625,19.540000915527344,-1.54,50,Normal
2025-01-13,5836.22021484375,19.190000534057617,0.16,61,Normal
2025-01-14,5842.91015625,18.709999084472656,0.11,63,Normal
2025-01-15,5949.91015625,16.1200008392334,1.83,70,Normal
2025-01-16,5937.33984375,16.600000381469727,-0.21,75,Normal
2025-01-17,5996.66015625,15.970000267028809,1.0,75,Normal
2025-01-21,6049.240234375,15.0600004196167,0.88,76,Normal
2025-01-22,6086.3701171875,15.100000381469727,0.61,84,Normal
2025-01-23,6118.7099609375,15.020000457763672,0.53,75,Normal
2025-01-24,6101.240234375,14.850000381469727,-0.29,75,Normal
2025-01-27,6012.27978515625,17.899999618530273,-1.46,71,Normal
2025-01-28,6067.7001953125,16.40999984741211,0.92,72,Normal
2025-01-29,6039.31005859375,16.559999465942383,-0.47,72,Normal
2025-01-30,6071.169921875,15.84000015258789,0.53,70,Normal
2025-01-31,6040.52978515625,16.43000030517578,-0.5,76,Normal
2025-02-03,5994.56982421875,18.6200008392334,-0.76,44,Normal
2025-02-04,6037.8798828125,17.209999084472656,0.72,72,Normal
2025-02-05,6061.47998046875,15.770000457763672,0.39,54,Normal
2025-02-06,6083.56982421875,15.5,0.36,49,Normal
2025-02-07,6025.990234375,16.540000915527344,-0.95,44,Normal
2025-02-10,6066.43994140625,15.8100004196167,0.67,43,Normal
2025-02-11,6068.5,16.020000457763672,0.03,47,Normal
2025-02-12,6051.97021484375,15.890000343322754,-0.27,46,Normal
2025-02-13,6115.06982421875,15.100000381469727,1.04,50,Normal
2025-02-14,6114.6298828125,14.770000457763672,-0.01,48,Normal
2025-02-18,6129.580078125,15.350000381469727,0.24,47,Normal
2025-02-19,6144.14990234375,15.270000457763672,0.24,44,Normal
2025-02-20,6117.52001953125,15.65999984741211,-0.43,49,Normal
2025-02-21,6013.1298828125,18.209999084472656,-1.71,55,Normal
2025-02-24,5983.25,18.979999542236328,-0.5,49,Normal
2025-02-25,5955.25,19.43000030517578,-0.47,25,Normal
2025-02-26,5956.06005859375,19.100000381469727,0.01,21,Normal
2025-02-27,5861.56982421875,21.1299991607666,-1.59,10,Normal
2025-02-28,5954.5,19.6299991607666,1.59,16,Normal
2025-03-03,5849.72021484375,22.780000686645508,-1.76,33,Normal
2025-03-04,5778.14990234375,23.510000228881836,-1.22,15,Normal
2025-03-05,5842.6298828125,21.93000030517578,1.12,20,Normal
2025-03-06,5738.52001953125,24.8700008392334,-1.78,25,Normal
2025-03-07,5770.2001953125,23.3700008392334,0.55,34,Normal
2025-03-10,5614.56005859375,27.860000610351562,-2.7,20,Level_2 (High >2%)
2025-03-11,5572.06982421875,26.920000076293945,-0.76,24,Normal
2025-03-12,5599.2998046875,24.229999542236328,0.49,34,Normal
2025-03-13,5521.52001953125,24.65999984741211,-1.39,45,Normal
2025-03-14,5638.93994140625,21.770000457763672,2.13,27,Level_2 (High >2%)
2025-03-17,5675.1201171875,20.510000228881836,0.64,32,Normal
2025-03-18,5614.66015625,21.700000762939453,-1.07,34,Normal
2025-03-19,5675.2900390625,19.899999618530273,1.08,32,Normal
2025-03-20,5662.89013671875,19.799999237060547,-0.22,49,Normal
2025-03-21,5667.56005859375,19.280000686645508,0.08,31,Normal
2025-03-24,5767.56982421875,17.479999542236328,1.76,45,Normal
2025-03-25,5776.64990234375,17.149999618530273,0.16,46,Normal
2025-03-26,5712.2001953125,18.329999923706055,-1.12,47,Normal
2025-03-27,5693.31005859375,18.690000534057617,-0.33,40,Normal
2025-03-28,5580.93994140625,21.649999618530273,-1.97,44,Normal
2025-03-31,5611.85009765625,22.280000686645508,0.55,34,Normal
2025-04-01,5633.06982421875,21.770000457763672,0.38,34,Normal
2025-04-02,5670.97021484375,21.510000228881836,0.67,44,Normal
2025-04-03,5396.52001953125,30.020000457763672,-4.84,25,Level_3 (Extreme >3%)
2025-04-04,5074.080078125,45.310001373291016,-5.97,28,Level_3 (Extreme >3%)
2025-04-07,5062.25,46.97999954223633,-0.23,23,Normal
2025-04-08,4982.77001953125,52.33000183105469,-1.57,24,Normal
2025-04-09,5456.89990234375,33.619998931884766,9.52,18,Level_3 (Extreme >3%)
2025-04-10,5268.0498046875,40.720001220703125,-3.46,39,Level_3 (Extreme >3%)
2025-04-11,5363.35986328125,37.560001373291016,1.81,25,Normal
2025-04-14,5405.97021484375,30.889999389648438,0.79,31,Normal
2025-04-15,5396.6298828125,30.1200008392334,-0.17,38,Normal
2025-04-16,5275.7001953125,32.63999938964844,-2.24,29,Level_2 (High >2%)
2025-04-17,5282.7001953125,29.649999618530273,0.13,30,Normal
2025-04-21,5158.2001953125,33.81999969482422,-2.36,39,Level_2 (High >2%)
2025-04-22,5287.759765625,30.56999969482422,2.51,47,Level_2 (High >2%)
2025-04-23,5375.85986328125,28.450000762939453,1.67,72,Normal
2025-04-24,5484.77001953125,26.469999313354492,2.03,63,Level_2 (High >2%)
2025-04-25,5525.2099609375,24.84000015258789,0.74,60,Normal
2025-04-28,5528.75,25.149999618530273,0.06,54,Normal
2025-04-29,5560.830078125,24.170000076293945,0.58,60,Normal
2025-04-30,5569.06005859375,24.700000762939453,0.15,56,Normal
2025-05-01,5604.14013671875,24.600000381469727,0.63,53,Normal
2025-05-02,5686.669921875,22.68000030517578,1.47,67,Normal
2025-05-05,5650.3798828125,23.639999389648438,-0.64,52,Normal
2025-05-06,5606.91015625,24.760000228881836,-0.77,59,Normal
2025-05-07,5631.27978515625,23.549999237060547,0.43,67,Normal
2025-05-08,5663.93994140625,22.479999542236328,0.58,65,Normal
2025-05-09,5659.91015625,21.899999618530273,-0.07,73,Normal
2025-05-12,5844.18994140625,18.389999389648438,3.26,70,Level_3 (Extreme >3%)
2025-05-13,5886.5498046875,18.219999313354492,0.72,70,Normal
2025-05-14,5892.580078125,18.6200008392334,0.1,73,Normal
2025-05-15,5916.93017578125,17.829999923706055,0.41,70,Normal
2025-05-16,5958.3798828125,17.239999771118164,0.7,71,Normal
2025-05-19,5963.60009765625,18.139999389648438,0.09,74,Normal
2025-05-20,5940.4599609375,18.09000015258789,-0.39,71,Normal
2025-05-21,5844.60986328125,20.8700008392334,-1.61,70,Normal
2025-05-22,5842.009765625,20.280000686645508,-0.04,72,Normal
2025-05-23,5802.81982421875,22.290000915527344,-0.67,78,Normal
2025-05-27,5921.5400390625,18.959999084472656,2.05,74,Level_2 (High >2%)
2025-05-28,5888.5498046875,19.309999465942383,-0.56,71,Normal
2025-05-29,5912.169921875,19.18000030517578,0.4,74,Normal
2025-05-30,5911.68994140625,18.56999969482422,-0.01,60,Normal
2025-06-02,5935.93994140625,18.360000610351562,0.41,64,Normal
2025-06-03,5970.3701171875,17.690000534057617,0.58,64,Normal
2025-06-04,5970.81005859375,17.610000610351562,0.01,62,Normal
2025-06-05,5939.2998046875,18.479999542236328,-0.53,57,Normal
2025-06-06,6000.35986328125,16.770000457763672,1.03,45,Normal
2025-06-09,6005.8798828125,17.15999984741211,0.09,62,Normal
2025-06-10,6038.81005859375,16.950000762939453,0.55,71,Normal
2025-06-11,6022.240234375,17.260000228881836,-0.27,72,Normal
2025-06-12,6045.259765625,18.020000457763672,0.38,71,Normal
2025-06-13,5976.97021484375,20.81999969482422,-1.13,61,Normal
2025-06-16,6033.10986328125,19.110000610351562,0.94,61,Normal
2025-06-17,5982.72021484375,21.600000381469727,-0.84,68,Normal
2025-06-18,5980.8701171875,20.139999389648438,-0.03,52,Normal
2025-06-20,5967.83984375,20.6200008392334,-0.22,54,Normal
2025-06-23,6025.169921875,19.829999923706055,0.96,47,Normal
2025-06-24,6092.18017578125,17.479999542236328,1.11,65,Normal
2025-06-25,6092.16015625,16.760000228881836,-0.0,66,Normal
2025-06-26,6141.02001953125,16.59000015258789,0.8,74,Normal
2025-06-27,6173.06982421875,16.31999969482422,0.52,65,Normal
2025-06-30,6204.9501953125,16.729999542236328,0.52,66,Normal
2025-07-01,6198.009765625,16.829999923706055,-0.11,64,Normal
2025-07-02,6227.419921875,16.639999389648438,0.47,63,Normal
2025-07-03,6279.35009765625,16.3799991607666,0.83,73,Normal
2025-07-07,6229.97998046875,17.790000915527344,-0.79,73,Normal
2025-07-08,6225.52001953125,16.809999465942383,-0.07,65,Normal
2025-07-09,6263.259765625,15.9399995803833,0.61,66,Normal
2025-07-10,6280.4599609375,15.779999732971191,0.27,71,Normal
2025-07-11,6259.75,16.399999618530273,-0.33,71,Normal
2025-07-14,6268.56005859375,17.200000762939453,0.14,74,Normal
2025-07-15,6243.759765625,17.3799991607666,-0.4,73,Normal
2025-07-16,6263.7001953125,17.15999984741211,0.32,70,Normal
2025-07-17,6297.35986328125,16.520000457763672,0.54,74,Normal
2025-07-18,6296.7900390625,16.40999984741211,-0.01,73,Normal
2025-07-21,6305.60009765625,16.649999618530273,0.14,71,Normal
2025-07-22,6309.6201171875,16.5,0.06,72,Normal
2025-07-23,6358.91015625,15.369999885559082,0.78,74,Normal
2025-07-24,6363.35009765625,15.390000343322754,0.07,71,Normal
2025-07-25,6388.64013671875,14.930000305175781,0.4,70,Normal
2025-07-28,6389.77001953125,15.029999732971191,0.02,75,Normal
2025-07-29,6370.85986328125,15.979999542236328,-0.3,73,Normal
2025-07-30,6362.89990234375,15.479999542236328,-0.12,74,Normal
2025-07-31,6339.39013671875,16.719999313354492,-0.37,72,Normal
2025-08-01,6238.009765625,20.3799991607666,-1.6,65,Normal
2025-08-04,6329.93994140625,17.520000457763672,1.47,64,Normal
2025-08-05,6299.18994140625,17.850000381469727,-0.49,60,Normal
2025-08-06,6345.06005859375,16.770000457763672,0.73,54,Normal
2025-08-07,6340.0,16.56999969482422,-0.08,62,Normal
2025-08-08,6389.4501953125,15.149999618530273,0.78,74,Normal
2025-08-11,6373.4501953125,16.25,-0.25,70,Normal
2025-08-12,6445.759765625,14.729999542236328,1.13,68,Normal
2025-08-13,6466.580078125,14.489999771118164,0.32,73,Normal
2025-08-14,6468.5400390625,14.829999923706055,0.03,75,Normal
2025-08-15,6449.7998046875,15.09000015258789,-0.29,60,Normal
2025-08-18,6449.14990234375,14.989999771118164,-0.01,60,Normal
2025-08-19,6411.3701171875,15.569999694824219,-0.59,56,Normal
2025-08-20,6395.77978515625,15.6899995803833,-0.24,44,Normal
2025-08-21,6370.169921875,16.600000381469727,-0.4,50,Normal
2025-08-22,6466.91015625,14.220000267028809,1.52,50,Normal
2025-08-25,6439.31982421875,14.789999961853027,-0.43,47,Normal
2025-08-26,6465.93994140625,14.619999885559082,0.41,48,Normal
2025-08-27,6481.39990234375,14.850000381469727,0.24,51,Normal
2025-08-28,6501.85986328125,14.430000305175781,0.32,48,Normal
2025-08-29,6460.259765625,15.359999656677246,-0.64,50,Normal
2025-09-02,6415.5400390625,17.170000076293945,-0.69,49,Normal
2025-09-03,6448.259765625,16.350000381469727,0.51,55,Normal
2025-09-04,6502.080078125,15.300000190734863,0.83,51,Normal
2025-09-05,6481.5,15.180000305175781,-0.32,48,Normal
2025-09-08,6495.14990234375,15.109999656677246,0.21,51,Normal
2025-09-09,6512.60986328125,15.039999961853027,0.27,48,Normal
2025-09-10,6532.0400390625,15.350000381469727,0.3,49,Normal
2025-09-11,6587.47021484375,14.710000038146973,0.85,54,Normal
2025-09-12,6584.2900390625,14.760000228881836,-0.05,57,Normal
2025-09-15,6615.27978515625,15.6899995803833,0.47,53,Normal
2025-09-16,6606.759765625,16.360000610351562,-0.13,52,Normal
2025-09-17,6600.35009765625,15.720000267028809,-0.1,53,Normal
2025-09-18,6631.9599609375,15.699999809265137,0.48,52,Normal
2025-09-19,6664.35986328125,15.449999809265137,0.49,53,Normal
2025-09-22,6693.75,16.100000381469727,0.44,45,Normal
2025-09-23,6656.919921875,16.639999389648438,-0.55,43,Normal
2025-09-24,6637.97021484375,16.18000030517578,-0.28,44,Normal
2025-09-25,6604.72021484375,16.739999771118164,-0.5,44,Normal
2025-09-26,6643.7001953125,15.289999961853027,0.59,28,Normal
2025-09-29,6661.2099609375,16.1200008392334,0.26,50,Normal
2025-09-30,6688.4599609375,16.280000686645508,0.41,50,Normal
2025-10-01,6711.2001953125,16.290000915527344,0.34,49,Normal
2025-10-02,6715.35009765625,16.6299991607666,0.06,64,Normal
2025-10-03,6715.7900390625,16.649999618530273,0.01,63,Normal
2025-10-06,6740.27978515625,16.3700008392334,0.36,71,Normal
2025-10-07,6714.58984375,17.239999771118164,-0.38,70,Normal
2025-10-08,6753.72021484375,16.299999237060547,0.58,60,Normal
2025-10-09,6735.10986328125,16.43000030517578,-0.28,70,Normal
2025-10-10,6552.509765625,21.65999984741211,-2.71,64,Level_2 (High >2%)
2025-10-13,6654.72021484375,19.030000686645508,1.56,38,Normal
2025-10-14,6644.31005859375,20.809999465942383,-0.16,38,Normal
2025-10-15,6671.06005859375,20.639999389648438,0.4,34,Normal
2025-10-16,6629.06982421875,25.309999465942383,-0.63,28,Normal
2025-10-17,6664.009765625,20.780000686645508,0.53,22,Normal
2025-10-20,6735.1298828125,18.229999542236328,1.07,29,Normal
2025-10-21,6735.35009765625,17.8700008392334,0.0,34,Normal
2025-10-22,6699.39990234375,18.600000381469727,-0.53,25,Normal
2025-10-23,6738.43994140625,17.299999237060547,0.58,27,Normal
2025-10-24,6791.68994140625,16.3700008392334,0.79,30,Normal
2025-10-27,6875.16015625,15.789999961853027,1.23,51,Normal
2025-10-28,6890.89013671875,16.420000076293945,0.23,50,Normal
2025-10-29,6890.58984375,16.920000076293945,-0.0,51,Normal
2025-10-30,6822.33984375,16.90999984741211,-0.99,34,Normal
2025-10-31,6840.2001953125,17.440000534057617,0.26,29,Normal
2025-11-03,6851.97021484375,17.170000076293945,0.17,42,Normal
2025-11-04,6771.5498046875,19.0,-1.17,21,Normal
2025-11-05,6796.2900390625,18.010000228881836,0.37,23,Normal
2025-11-06,6720.31982421875,19.5,-1.12,27,Normal
2025-11-07,6728.7998046875,19.079999923706055,0.13,24,Normal
2025-11-10,6832.43017578125,17.600000381469727,1.54,29,Normal
2025-11-11,6846.60986328125,17.280000686645508,0.21,26,Normal
2025-11-12,6850.919921875,17.510000228881836,0.06,24,Normal
2025-11-13,6737.490234375,20.0,-1.66,15,Normal
2025-11-14,6734.10986328125,19.829999923706055,-0.05,16,Normal
2025-11-17,6672.41015625,22.3799991607666,-0.92,14,Normal
2025-11-18,6617.31982421875,24.690000534057617,-0.83,11,Normal
2025-11-19,6642.16015625,23.65999984741211,0.38,15,Normal
2025-11-20,6538.759765625,26.420000076293945,-1.56,11,Normal
2025-11-21,6602.990234375,23.43000030517578,0.98,14,Normal
2025-11-24,6705.1201171875,20.520000457763672,1.55,19,Normal
2025-11-25,6765.8798828125,18.559999465942383,0.91,20,Normal
2025-11-26,6812.60986328125,17.190000534057617,0.69,15,Normal
2025-11-28,6849.08984375,16.350000381469727,0.54,25,Normal
2025-12-01,6812.6298828125,17.239999771118164,-0.53,24,Normal
2025-12-02,6829.3701171875,16.59000015258789,0.25,23,Normal
2025-12-03,6849.72021484375,16.079999923706055,0.3,28,Normal
2025-12-04,6857.1201171875,15.779999732971191,0.11,26,Normal
2025-12-05,6870.39990234375,15.40999984741211,0.19,28,Normal
2025-12-08,6846.509765625,16.65999984741211,-0.35,20,Normal
2025-12-09,6840.509765625,16.93000030517578,-0.09,22,Normal
2025-12-10,6886.68017578125,15.770000457763672,0.67,26,Normal
2025-12-11,6901.0,14.850000381469727,0.21,29,Normal
2025-12-12,6827.41015625,15.739999771118164,-1.07,29,Normal
2025-12-15,6816.509765625,16.5,-0.16,16,Normal
2025-12-16,6800.259765625,16.479999542236328,-0.24,11,Normal
2025-12-17,6721.43017578125,17.6200008392334,-1.16,16,Normal
2025-12-18,6774.759765625,16.8700008392334,0.79,17,Normal
2025-12-19,6834.5,14.90999984741211,0.88,16,Normal
2025-12-22,6878.490234375,14.079999923706055,0.64,25,Normal
2025-12-23,6909.7900390625,14.0,0.46,24,Normal
2025-12-24,6932.0498046875,13.470000267028809,0.32,24,Normal
2025-12-26,6929.93994140625,13.600000381469727,-0.03,20,Normal
2025-12-29,6905.740234375,14.199999809265137,-0.35,24,Normal
2025-12-30,6896.240234375,14.329999923706055,-0.14,23,Normal
2025-12-31,6845.5,14.949999809265137,-0.74,21,Normal
2026-01-02,6858.47021484375,14.510000228881836,0.19,28,Normal
2026-01-05,6902.0498046875,14.899999618530273,0.64,26,Normal
2026-01-06,6944.81982421875,14.75,0.62,44,Normal
2026-01-07,6920.93017578125,15.380000114440918,-0.34,42,Normal
2026-01-08,6921.4599609375,15.449999809265137,0.01,28,Normal
2026-01-09,6966.27978515625,14.489999771118164,0.65,27,Normal
2026-01-12,6977.27001953125,15.119999885559082,0.16,27,Normal
2026-01-13,6963.740234375,15.979999542236328,-0.19,26,Normal
2026-01-14,6926.60009765625,16.75,-0.53,48,Normal
2026-01-15,6944.47021484375,15.84000015258789,0.26,61,Normal
2026-01-16,6940.009765625,15.859999656677246,-0.06,49,Normal
2026-01-20,6796.85986328125,20.09000015258789,-2.06,32,Level_2 (High >2%)
2026-01-21,6875.6201171875,16.899999618530273,1.16,24,Normal
2026-01-22,6913.35009765625,15.640000343322754,0.55,20,Normal
2026-01-23,6915.60986328125,16.09000015258789,0.03,24,Normal
2026-01-26,6950.22998046875,16.149999618530273,0.5,20,Normal
2026-01-27,6978.60009765625,16.350000381469727,0.41,29,Normal
2026-01-28,6978.02978515625,16.350000381469727,-0.01,29,Normal
2026-01-29,6969.009765625,16.8799991607666,-0.13,26,Normal
2026-01-30,6939.02978515625,17.440000534057617,-0.43,16,Normal
2026-02-02,6976.43994140625,16.34000015258789,0.54,14,Normal
2026-02-03,6917.81005859375,18.0,-0.84,17,Normal
2026-02-04,6882.72021484375,18.639999389648438,-0.51,14,Normal
2026-02-05,6798.39990234375,21.770000457763672,-1.23,12,Normal
2026-02-06,6932.2998046875,20.3700008392334,1.97,9,Normal
2026-02-09,6964.81982421875,17.360000610351562,0.47,14,Normal
2026-02-10,6941.81005859375,17.790000915527344,-0.33,9,Normal
2026-02-11,6941.47021484375,17.649999618530273,-0.0,11,Normal
2026-02-12,6832.759765625,20.81999969482422,-1.57,5,Normal
2026-02-13,6836.169921875,20.600000381469727,0.05,9,Normal
2026-02-17,6843.22021484375,20.290000915527344,0.1,10,Normal
2026-02-18,6881.31005859375,19.6200008392334,0.56,8,Normal
2026-02-19,6861.89013671875,20.229999542236328,-0.28,9,Normal
2026-02-20,6909.509765625,19.09000015258789,0.69,7,Normal
2026-02-23,6837.75,21.010000228881836,-1.04,5,Normal
2026-02-24,6890.06982421875,19.549999237060547,0.77,8,Normal
2026-02-25,6946.1298828125,17.93000030517578,0.81,11,Normal
2026-02-26,6908.85986328125,18.6299991607666,-0.54,11,Normal
2026-02-27,6878.8798828125,19.860000610351562,-0.43,13,Normal
2026-03-02,6881.6201171875,21.440000534057617,0.04,10,Normal
2026-03-03,6816.6298828125,23.56999969482422,-0.94,14,Normal
2026-03-04,6869.5,21.149999618530273,0.78,10,Normal
2026-03-05,6830.7099609375,23.75,-0.56,22,Normal
2026-03-06,6740.02001953125,29.489999771118164,-1.33,18,Normal
2026-03-09,6795.990234375,25.5,0.83,8,Normal
2026-03-10,6781.47998046875,24.93000030517578,-0.21,13,Normal
2026-03-11,6775.7998046875,24.229999542236328,-0.08,15,Normal
2026-03-12,6672.6201171875,27.290000915527344,-1.52,18,Normal
2026-03-13,6632.18994140625,27.190000534057617,-0.61,15,Normal
2026-03-16,6699.3798828125,23.510000228881836,1.01,23,Normal
2026-03-17,6716.08984375,22.3700008392334,0.25,28,Normal
2026-03-18,6624.7001953125,25.09000015258789,-1.36,26,Normal
2026-03-19,6606.490234375,24.059999465942383,-0.27,23,Normal
2026-03-20,6506.47998046875,26.780000686645508,-1.51,11,Normal
2026-03-23,6581.0,26.149999618530273,1.15,8,Normal
2026-03-24,6556.3701171875,26.950000762939453,-0.37,11,Normal
2026-03-25,6591.89990234375,25.329999923706055,0.54,14,Normal
2026-03-26,6477.16015625,27.440000534057617,-1.74,10,Normal
2026-03-27,6368.85009765625,31.049999237060547,-1.67,13,Normal
2026-03-30,6343.72021484375,30.610000610351562,-0.39,8,Normal
2026-03-31,6528.52001953125,25.25,2.91,11,Level_2 (High >2%)
2026-04-01,6575.31982421875,24.540000915527344,0.72,8,Normal
2026-04-02,6582.68994140625,23.8700008392334,0.11,12,Normal
